{"0": 0.4, "2": 0.4000000000000001, "4": 0.48989794855663565, "6": 0.4000000000000001, "8": 0.0, "10": 0.4000000000000001, "12": 0.6324555320336759, "14": 0.4, "16": 0.6324555320336759, "18": 0.4000000000000001, "20": 0.8, "22": 0.0, "24": 0.48989794855663565, "26": 0.4000000000000001, "28": 0.48989794855663565, "30": 1.0198039027185568, "32": 0.48989794855663565, "34": 0.0, "36": 0.4000000000000001, "38": 0.8, "40": 0.8944271909999159, "42": 0.7483314773547883, "44": 0.6324555320336759, "46": 0.48989794855663565, "48": 0.48989794855663565, "50": 0.4, "52": 0.4000000000000001, "54": 0.48989794855663565, "56": 0.6324555320336759, "58": 0.7483314773547883, "60": 0.9797958971132711, "62": 0.6324555320336759, "64": 0.48989794855663565, "66": 0.48989794855663565, "68": 0.7483314773547883, "70": 0.4000000000000001, "72": 1.019803902718557, "74": 0.7483314773547883, "76": 1.0198039027185568, "78": 1.0954451150103321, "80": 0.4000000000000001, "82": 1.019803902718557, "84": 1.2, "86": 0.4000000000000001, "88": 0.6324555320336759, "90": 0.4, "92": 1.0954451150103321, "94": 0.4, "96": 0.6324555320336759, "98": 1.019803902718557, "100": 0.48989794855663565}