{"0": 0.48989794855663565, "2": 0.9797958971132713, "4": 1.019803902718557, "6": 0.6324555320336759, "8": 0.6324555320336759, "10": 0.7483314773547883, "12": 0.4, "14": 0.48989794855663565, "16": 0.48989794855663565, "18": 0.48989794855663565, "20": 0.4, "22": 0.0, "24": 0.48989794855663565, "26": 0.48989794855663565, "28": 0.8, "30": 0.7483314773547883, "32": 0.7483314773547883, "34": 0.48989794855663565, "36": 0.7483314773547883, "38": 0.8, "40": 0.9797958971132712, "42": 0.7483314773547883, "44": 1.16619037896906, "46": 0.8, "48": 1.16619037896906, "50": 0.7483314773547883, "52": 0.7483314773547883, "54": 0.48989794855663565, "56": 0.7483314773547883, "58": 1.9595917942265426, "60": 1.4142135623730951, "62": 1.16619037896906, "64": 0.9797958971132713, "66": 0.0, "68": 0.6324555320336759, "70": 0.6324555320336759, "72": 0.8, "74": 0.6324555320336759, "76": 0.48989794855663565, "78": 0.7483314773547883, "80": 0.8, "82": 0.48989794855663565, "84": 0.8, "86": 0.48989794855663565, "88": 0.48989794855663565, "90": 0.6324555320336759, "92": 0.4000000000000001, "94": 0.48989794855663565, "96": 0.6324555320336759, "98": 0.48989794855663565, "100": 0.7483314773547883}