{"0": 0.4000000000000001, "2": 1.2, "4": 1.469693845669907, "6": 1.019803902718557, "8": 0.9797958971132711, "10": 0.7999999999999999, "12": 0.8, "14": 0.8944271909999159, "16": 1.3564659966250538, "18": 1.854723699099141, "20": 1.6733200530681511, "22": 1.9390719429665317, "24": 2.244994432064365, "26": 2.3323807579381204, "28": 2.481934729198171, "30": 2.0976176963403033, "32": 2.727636339397171, "34": 4.0, "36": 3.9191835884530852, "38": 4.516635916254486, "40": 4.445222154178574, "42": 3.9191835884530852, "44": 4.223742416388575, "46": 3.521363372331802, "48": 3.6000000000000005, "50": 3.124099870362662, "52": 2.7129319932501077, "54": 3.32264954516723, "56": 1.854723699099141, "58": 2.4979991993593593, "60": 1.7204650534085253, "62": 0.9797958971132711, "64": 0.48989794855663565, "66": 1.2649110640673518, "68": 0.9797958971132713, "70": 0.48989794855663565, "72": 0.8944271909999159, "74": 0.8, "76": 0.48989794855663565, "78": 1.2, "80": 0.8944271909999159, "82": 1.1661903789690602, "84": 1.019803902718557, "86": 1.1661903789690602, "88": 0.6324555320336759, "90": 1.0954451150103321, "92": 0.7483314773547883, "94": 1.1661903789690602, "96": 0.48989794855663565, "98": 0.9797958971132713, "100": 1.1661903789690602}