{"0": 0.6324555320336759, "2": 0.8, "4": 0.4, "6": 1.0954451150103321, "8": 0.7483314773547883, "10": 0.48989794855663565, "12": 0.7483314773547883, "14": 0.8, "16": 0.7483314773547883, "18": 0.48989794855663565, "20": 1.1661903789690602, "22": 0.7483314773547883, "24": 0.8, "26": 1.0198039027185568, "28": 0.4, "30": 0.8, "32": 1.0954451150103321, "34": 0.0, "36": 0.48989794855663565, "38": 0.48989794855663565, "40": 0.7483314773547883, "42": 0.8, "44": 0.7483314773547883, "46": 0.48989794855663565, "48": 0.4, "50": 0.7999999999999999, "52": 0.8944271909999159, "54": 0.48989794855663565, "56": 0.6324555320336759, "58": 0.8, "60": 0.8944271909999159, "62": 0.8, "64": 0.7483314773547883, "66": 0.48989794855663565, "68": 0.7483314773547883, "70": 0.48989794855663565, "72": 0.4000000000000001, "74": 0.7483314773547883, "76": 0.8, "78": 0.8, "80": 0.48989794855663565, "82": 0.48989794855663565, "84": 0.4, "86": 0.9797958971132713, "88": 0.48989794855663565, "90": 1.019803902718557, "92": 0.8944271909999159, "94": 0.48989794855663565, "96": 0.8, "98": 1.019803902718557, "100": 0.7483314773547883}