{"0": 1.0954451150103321, "2": 0.48989794855663565, "4": 0.4, "6": 0.8, "8": 0.7483314773547883, "10": 0.4, "12": 1.019803902718557, "14": 0.48989794855663565, "16": 0.4, "18": 0.7483314773547883, "20": 0.8944271909999159, "22": 1.7204650534085255, "24": 0.4, "26": 0.48989794855663565, "28": 1.019803902718557, "30": 0.8, "32": 1.16619037896906, "34": 0.6324555320336759, "36": 1.3564659966250538, "38": 1.019803902718557, "40": 0.8, "42": 0.6324555320336759, "44": 0.7483314773547883, "46": 0.7483314773547883, "48": 0.48989794855663565, "50": 1.2, "52": 0.9797958971132713, "54": 0.7483314773547883, "56": 0.8944271909999159, "58": 0.7483314773547883, "60": 0.9797958971132713, "62": 0.6324555320336759, "64": 1.019803902718557, "66": 0.48989794855663565, "68": 0.8, "70": 0.8, "72": 1.4696938456699067, "74": 1.4142135623730951, "76": 1.3564659966250536, "78": 1.8547236990991407, "80": 1.624807680927192, "82": 1.1661903789690602, "84": 2.039607805437114, "86": 1.3564659966250536, "88": 1.2, "90": 0.8944271909999159, "92": 1.4966629547095767, "94": 1.624807680927192, "96": 1.1661903789690602, "98": 1.3564659966250536, "100": 1.469693845669907}