{"0": 1.9390719429665317, "2": 1.469693845669907, "4": 1.3564659966250536, "6": 1.3564659966250536, "8": 1.854723699099141, "10": 1.3564659966250536, "12": 1.6733200530681511, "14": 1.4966629547095767, "16": 1.5491933384829668, "18": 1.32664991614216, "20": 1.019803902718557, "22": 1.4966629547095767, "24": 0.9797958971132712, "26": 1.16619037896906, "28": 1.0954451150103321, "30": 1.6733200530681511, "32": 1.019803902718557, "34": 1.469693845669907, "36": 1.1661903789690602, "38": 1.0954451150103321, "40": 0.4000000000000001, "42": 1.1661903789690602, "44": 1.0198039027185568, "46": 0.8, "48": 1.0954451150103321, "50": 0.6324555320336759, "52": 0.7483314773547883, "54": 0.48989794855663565, "56": 0.6324555320336759, "58": 0.8, "60": 1.0198039027185568, "62": 0.4000000000000001, "64": 1.0954451150103321, "66": 0.7483314773547883, "68": 1.32664991614216, "70": 1.4142135623730951, "72": 1.4966629547095764, "74": 1.1661903789690602, "76": 0.8944271909999159, "78": 0.7483314773547883, "80": 1.019803902718557, "82": 1.2649110640673518, "84": 0.8, "86": 1.4142135623730951, "88": 0.7483314773547883, "90": 0.8944271909999159, "92": 0.4, "94": 1.1661903789690602, "96": 1.1661903789690602, "98": 1.1661903789690602, "100": 0.9797958971132713}