{"0": 2.135415650406262, "2": 1.7204650534085255, "4": 1.6, "6": 1.6, "8": 2.135415650406262, "10": 2.135415650406262, "12": 1.7435595774162695, "14": 2.0976176963403033, "16": 2.135415650406262, "18": 2.280350850198276, "20": 1.6, "22": 1.9595917942265426, "24": 1.854723699099141, "26": 1.9390719429665317, "28": 1.7204650534085255, "30": 2.244994432064365, "32": 2.0976176963403033, "34": 1.5491933384829668, "36": 1.5491933384829668, "38": 1.019803902718557, "40": 1.1661903789690602, "42": 1.5491933384829668, "44": 1.5491933384829668, "46": 1.4696938456699067, "48": 1.624807680927192, "50": 1.9595917942265426, "52": 1.0954451150103321, "54": 1.3564659966250536, "56": 1.4966629547095767, "58": 0.9797958971132713, "60": 0.4000000000000001, "62": 1.6733200530681511, "64": 1.4142135623730951, "66": 1.1661903789690602, "68": 1.16619037896906, "70": 1.3564659966250536, "72": 1.019803902718557, "74": 0.4000000000000001, "76": 0.6324555320336759, "78": 0.7483314773547883, "80": 0.9797958971132712, "82": 0.7483314773547883, "84": 0.7483314773547883, "86": 0.6324555320336759, "88": 1.019803902718557, "90": 1.3564659966250536, "92": 0.8, "94": 1.019803902718557, "96": 0.7483314773547883, "98": 1.019803902718557, "100": 0.7483314773547883}