{"0": 0.48989794855663565, "2": 0.7483314773547883, "4": 0.6324555320336759, "6": 0.7483314773547883, "8": 0.4000000000000001, "10": 0.9797958971132711, "12": 0.4000000000000001, "14": 0.7483314773547883, "16": 0.0, "18": 0.7483314773547883, "20": 0.48989794855663565, "22": 0.48989794855663565, "24": 0.6324555320336759, "26": 0.8, "28": 1.019803902718557, "30": 0.8944271909999159, "32": 0.48989794855663565, "34": 1.019803902718557, "36": 1.019803902718557, "38": 0.9797958971132713, "40": 0.8, "42": 0.48989794855663565, "44": 0.7483314773547883, "46": 0.9797958971132711, "48": 0.8, "50": 0.8944271909999159, "52": 0.9797958971132713, "54": 0.6324555320336759, "56": 1.019803902718557, "58": 1.2649110640673518, "60": 1.1661903789690602, "62": 0.9797958971132712, "64": 0.8, "66": 1.32664991614216, "68": 1.4966629547095764, "70": 1.3564659966250536, "72": 1.3266499161421599, "74": 1.9595917942265424, "76": 1.4142135623730951, "78": 1.019803902718557, "80": 1.624807680927192, "82": 0.9797958971132713, "84": 1.3564659966250538, "86": 1.16619037896906, "88": 1.2, "90": 1.2649110640673518, "92": 1.3564659966250538, "94": 1.16619037896906, "96": 0.8944271909999159, "98": 0.8944271909999159, "100": 1.16619037896906}