{"0": 0.0, "2": 0.48989794855663565, "4": 0.48989794855663565, "6": 0.8, "8": 0.48989794855663565, "10": 0.4000000000000001, "12": 0.48989794855663565, "14": 0.4000000000000001, "16": 0.7483314773547883, "18": 0.4, "20": 0.0, "22": 0.4000000000000001, "24": 0.48989794855663565, "26": 0.4, "28": 0.7483314773547883, "30": 0.4000000000000001, "32": 1.16619037896906, "34": 0.4, "36": 0.48989794855663565, "38": 0.7483314773547883, "40": 0.48989794855663565, "42": 0.4, "44": 1.019803902718557, "46": 0.7483314773547883, "48": 0.7483314773547883, "50": 0.9797958971132713, "52": 0.6324555320336759, "54": 0.7483314773547883, "56": 0.7483314773547883, "58": 0.7483314773547883, "60": 0.7483314773547883, "62": 1.0954451150103321, "64": 0.9797958971132711, "66": 1.7204650534085255, "68": 1.0954451150103321, "70": 1.1661903789690602, "72": 1.16619037896906, "74": 1.5491933384829668, "76": 1.2649110640673518, "78": 1.3564659966250538, "80": 1.9595917942265426, "82": 0.8, "84": 1.0198039027185568, "86": 1.019803902718557, "88": 0.8, "90": 0.6324555320336759, "92": 1.16619037896906, "94": 0.7483314773547883, "96": 0.9797958971132713, "98": 0.6324555320336759, "100": 0.6324555320336759}