{"0": 0.48989794855663565, "2": 0.48989794855663565, "4": 0.7483314773547883, "6": 0.48989794855663565, "8": 0.7483314773547883, "10": 0.4, "12": 0.48989794855663565, "14": 0.4, "16": 0.48989794855663565, "18": 0.6324555320336759, "20": 0.48989794855663565, "22": 0.7483314773547883, "24": 0.0, "26": 0.4, "28": 0.0, "30": 0.4000000000000001, "32": 0.4000000000000001, "34": 0.48989794855663565, "36": 0.48989794855663565, "38": 0.48989794855663565, "40": 0.8, "42": 0.48989794855663565, "44": 0.6324555320336759, "46": 0.4, "48": 0.48989794855663565, "50": 1.1661903789690602, "52": 0.6324555320336759, "54": 0.48989794855663565, "56": 0.6324555320336759, "58": 0.48989794855663565, "60": 0.6324555320336759, "62": 0.7483314773547883, "64": 1.2649110640673518, "66": 1.019803902718557, "68": 0.8, "70": 0.48989794855663565, "72": 0.4000000000000001, "74": 0.8, "76": 0.7483314773547883, "78": 0.7483314773547883, "80": 1.2649110640673518, "82": 0.6324555320336759, "84": 1.019803902718557, "86": 0.48989794855663565, "88": 0.7483314773547883, "90": 0.8, "92": 0.48989794855663565, "94": 0.8944271909999159, "96": 0.7483314773547883, "98": 0.7483314773547883, "100": 0.48989794855663565}