{"0": 0.6324555320336759, "2": 0.48989794855663565, "4": 0.48989794855663565, "6": 0.48989794855663565, "8": 0.6324555320336759, "10": 0.4, "12": 0.4, "14": 0.48989794855663565, "16": 0.48989794855663565, "18": 0.48989794855663565, "20": 0.4, "22": 0.48989794855663565, "24": 0.8, "26": 0.48989794855663565, "28": 0.4000000000000001, "30": 0.8944271909999159, "32": 0.7483314773547883, "34": 0.8, "36": 0.48989794855663565, "38": 0.0, "40": 0.4000000000000001, "42": 0.8944271909999159, "44": 0.7483314773547883, "46": 1.0198039027185568, "48": 0.9797958971132713, "50": 1.019803902718557, "52": 0.8, "54": 1.2649110640673518, "56": 0.7483314773547883, "58": 0.7483314773547883, "60": 1.019803902718557, "62": 1.019803902718557, "64": 0.8944271909999159, "66": 1.6, "68": 1.1661903789690602, "70": 1.2, "72": 1.0954451150103321, "74": 0.7999999999999999, "76": 0.8, "78": 0.8944271909999159, "80": 0.4, "82": 0.7483314773547883, "84": 0.6324555320336759, "86": 1.32664991614216, "88": 0.6324555320336759, "90": 0.7483314773547883, "92": 0.4000000000000001, "94": 0.4, "96": 0.48989794855663565, "98": 0.7483314773547883, "100": 0.48989794855663565}