{"0": 3.9698866482558417, "2": 3.7735924528226414, "4": 3.6000000000000005, "6": 3.9293765408777004, "8": 3.32264954516723, "10": 3.6000000000000005, "12": 3.7202150475476548, "14": 3.8262252939417984, "16": 3.4409301068170506, "18": 3.124099870362662, "20": 2.925747767665559, "22": 3.2619012860600183, "24": 2.870540018881465, "26": 2.6076809620810595, "28": 2.727636339397171, "30": 2.6076809620810595, "32": 2.4166091947189146, "34": 2.870540018881465, "36": 1.854723699099141, "38": 2.039607805437114, "40": 1.7204650534085253, "42": 1.7204650534085255, "44": 2.0, "46": 1.854723699099141, "48": 1.7435595774162693, "50": 1.4966629547095767, "52": 1.4966629547095764, "54": 1.6733200530681511, "56": 1.9595917942265426, "58": 1.5491933384829668, "60": 1.5999999999999999, "62": 1.4696938456699067, "64": 1.8330302779823362, "66": 1.7204650534085255, "68": 1.3564659966250536, "70": 0.9797958971132712, "72": 1.0954451150103321, "74": 1.3564659966250538, "76": 1.4142135623730951, "78": 1.6733200530681511, "80": 1.5491933384829668, "82": 1.0198039027185568, "84": 1.16619037896906, "86": 1.6, "88": 0.7483314773547883, "90": 1.6, "92": 1.5999999999999999, "94": 2.1540659228538015, "96": 1.6, "98": 1.624807680927192, "100": 1.4966629547095764}