{"0": 0.48989794855663565, "2": 0.48989794855663565, "4": 0.4, "6": 0.8, "8": 0.7483314773547883, "10": 0.48989794855663565, "12": 0.7483314773547883, "14": 0.4, "16": 0.48989794855663565, "18": 0.4, "20": 0.7483314773547882, "22": 0.4, "24": 0.4, "26": 1.019803902718557, "28": 0.48989794855663565, "30": 1.1661903789690602, "32": 0.7483314773547883, "34": 0.0, "36": 0.48989794855663565, "38": 0.4, "40": 0.4, "42": 0.48989794855663565, "44": 0.48989794855663565, "46": 0.48989794855663565, "48": 0.7483314773547883, "50": 0.48989794855663565, "52": 0.48989794855663565, "54": 0.48989794855663565, "56": 0.48989794855663565, "58": 0.8, "60": 0.7483314773547883, "62": 0.0, "64": 0.4000000000000001, "66": 0.48989794855663565, "68": 0.48989794855663565, "70": 0.8944271909999159, "72": 0.4000000000000001, "74": 0.6324555320336759, "76": 0.7483314773547883, "78": 0.4000000000000001, "80": 0.8944271909999159, "82": 0.8, "84": 0.8, "86": 0.8, "88": 0.7483314773547883, "90": 1.3564659966250536, "92": 1.1661903789690602, "94": 0.48989794855663565, "96": 0.48989794855663565, "98": 0.4000000000000001, "100": 0.7483314773547883}