{"0": 0.48989794855663565, "2": 0.6324555320336759, "4": 0.4, "6": 0.7483314773547882, "8": 0.4, "10": 0.8944271909999159, "12": 0.48989794855663565, "14": 0.0, "16": 0.4, "18": 0.48989794855663565, "20": 0.4, "22": 0.48989794855663565, "24": 0.0, "26": 0.48989794855663565, "28": 0.4, "30": 0.4, "32": 0.8, "34": 0.48989794855663565, "36": 0.48989794855663565, "38": 0.48989794855663565, "40": 0.7483314773547883, "42": 1.0198039027185568, "44": 0.48989794855663565, "46": 1.0954451150103321, "48": 1.3564659966250538, "50": 1.6733200530681511, "52": 1.32664991614216, "54": 1.019803902718557, "56": 1.6733200530681511, "58": 1.2649110640673518, "60": 1.0954451150103321, "62": 1.3564659966250538, "64": 1.9390719429665317, "66": 1.854723699099141, "68": 2.0, "70": 1.854723699099141, "72": 1.854723699099141, "74": 1.7435595774162695, "76": 1.7204650534085255, "78": 1.7204650534085255, "80": 1.3564659966250536, "82": 1.5491933384829668, "84": 1.9390719429665317, "86": 1.7204650534085253, "88": 0.9797958971132711, "90": 0.9797958971132711, "92": 0.9797958971132711, "94": 1.0954451150103321, "96": 0.9797958971132712, "98": 0.9797958971132712, "100": 0.8}