{"0": 1.1661903789690602, "2": 0.9797958971132713, "4": 1.019803902718557, "6": 1.019803902718557, "8": 0.7483314773547882, "10": 0.7483314773547883, "12": 0.48989794855663565, "14": 0.48989794855663565, "16": 1.019803902718557, "18": 1.019803902718557, "20": 0.48989794855663565, "22": 0.8, "24": 1.019803902718557, "26": 1.2649110640673518, "28": 0.7483314773547882, "30": 0.8944271909999159, "32": 0.7483314773547883, "34": 1.32664991614216, "36": 1.0954451150103321, "38": 0.8, "40": 1.0954451150103321, "42": 0.6324555320336759, "44": 0.8, "46": 0.4, "48": 0.8, "50": 1.019803902718557, "52": 1.019803902718557, "54": 0.48989794855663565, "56": 0.48989794855663565, "58": 0.7483314773547883, "60": 0.7483314773547883, "62": 0.8, "64": 0.8, "66": 0.8, "68": 0.8, "70": 0.4, "72": 0.8944271909999159, "74": 0.8, "76": 0.4, "78": 1.3564659966250536, "80": 0.48989794855663565, "82": 0.48989794855663565, "84": 0.7483314773547883, "86": 0.9797958971132713, "88": 1.019803902718557, "90": 0.7483314773547883, "92": 1.1661903789690602, "94": 1.2, "96": 0.48989794855663565, "98": 0.4, "100": 0.8}