{"0": 1.2649110640673518, "2": 0.8, "4": 0.6324555320336759, "6": 0.48989794855663565, "8": 0.48989794855663565, "10": 0.9797958971132711, "12": 0.6324555320336759, "14": 0.7483314773547883, "16": 0.7483314773547883, "18": 1.0954451150103321, "20": 0.9797958971132713, "22": 0.9797958971132711, "24": 1.0198039027185568, "26": 0.8, "28": 0.9797958971132711, "30": 0.4000000000000001, "32": 1.019803902718557, "34": 0.8, "36": 1.16619037896906, "38": 0.9797958971132711, "40": 1.0954451150103321, "42": 0.8944271909999159, "44": 1.2649110640673518, "46": 1.2, "48": 0.8, "50": 0.48989794855663565, "52": 0.7999999999999999, "54": 0.7483314773547883, "56": 0.9797958971132711, "58": 1.469693845669907, "60": 1.019803902718557, "62": 1.4966629547095764, "64": 1.1661903789690602, "66": 1.3564659966250536, "68": 1.4142135623730951, "70": 1.6, "72": 1.3564659966250536, "74": 1.469693845669907, "76": 1.854723699099141, "78": 1.469693845669907, "80": 1.1661903789690602, "82": 1.7204650534085255, "84": 1.6, "86": 0.7483314773547883, "88": 0.9797958971132713, "90": 0.7483314773547883, "92": 0.8, "94": 0.9797958971132712, "96": 1.019803902718557, "98": 1.1661903789690602, "100": 1.0954451150103321}