{"0": 0.48989794855663565, "2": 0.48989794855663565, "4": 0.4, "6": 0.48989794855663565, "8": 0.48989794855663565, "10": 0.4, "12": 0.4, "14": 0.4, "16": 0.4, "18": 0.7483314773547882, "20": 0.7483314773547883, "22": 0.7483314773547882, "24": 0.48989794855663565, "26": 0.7483314773547882, "28": 0.4000000000000001, "30": 1.0198039027185568, "32": 0.8, "34": 0.9797958971132711, "36": 0.7483314773547883, "38": 1.854723699099141, "40": 1.0198039027185568, "42": 1.0954451150103321, "44": 1.3564659966250538, "46": 1.1661903789690602, "48": 1.0954451150103321, "50": 1.1661903789690602, "52": 0.7483314773547883, "54": 1.2, "56": 0.7483314773547883, "58": 0.8, "60": 1.0198039027185568, "62": 0.4000000000000001, "64": 0.8, "66": 0.4000000000000001, "68": 0.48989794855663565, "70": 0.8, "72": 0.8, "74": 1.1661903789690602, "76": 0.48989794855663565, "78": 1.469693845669907, "80": 1.0954451150103321, "82": 0.6324555320336759, "84": 0.48989794855663565, "86": 0.8, "88": 0.6324555320336759, "90": 0.6324555320336759, "92": 1.1661903789690602, "94": 0.6324555320336759, "96": 0.7483314773547883, "98": 0.6324555320336759, "100": 0.8}