{"0": 0.48989794855663565, "2": 0.6324555320336759, "4": 0.4, "6": 0.7483314773547883, "8": 0.7483314773547882, "10": 0.7483314773547882, "12": 1.0954451150103321, "14": 0.7483314773547883, "16": 0.48989794855663565, "18": 0.7483314773547883, "20": 1.1661903789690602, "22": 0.7483314773547883, "24": 0.7483314773547883, "26": 1.1661903789690602, "28": 0.7483314773547883, "30": 1.2, "32": 1.9390719429665315, "34": 0.4, "36": 0.8, "38": 1.4966629547095767, "40": 0.8944271909999159, "42": 0.8, "44": 0.9797958971132713, "46": 0.8944271909999159, "48": 0.7483314773547883, "50": 0.8944271909999159, "52": 0.8944271909999159, "54": 0.4, "56": 0.8944271909999159, "58": 1.019803902718557, "60": 0.6324555320336759, "62": 0.9797958971132713, "64": 0.6324555320336759, "66": 0.9797958971132712, "68": 0.8944271909999159, "70": 0.7483314773547883, "72": 0.7483314773547883, "74": 0.7483314773547883, "76": 0.7483314773547883, "78": 0.7483314773547883, "80": 0.4000000000000001, "82": 0.8944271909999159, "84": 0.9797958971132711, "86": 0.8944271909999159, "88": 0.4, "90": 0.7483314773547883, "92": 0.6324555320336759, "94": 1.0198039027185568, "96": 1.019803902718557, "98": 0.4, "100": 0.6324555320336759}