{"0": 0.7483314773547882, "2": 0.4, "4": 0.4, "6": 1.0954451150103321, "8": 0.48989794855663565, "10": 1.019803902718557, "12": 0.48989794855663565, "14": 0.7483314773547883, "16": 0.8, "18": 0.48989794855663565, "20": 0.8944271909999159, "22": 1.0954451150103321, "24": 0.8, "26": 0.9797958971132713, "28": 1.3564659966250536, "30": 0.8944271909999159, "32": 0.9797958971132713, "34": 1.3564659966250538, "36": 1.4966629547095764, "38": 1.3564659966250538, "40": 1.3564659966250538, "42": 1.3564659966250536, "44": 1.16619037896906, "46": 0.7483314773547883, "48": 1.7204650534085255, "50": 1.3564659966250538, "52": 1.1661903789690602, "54": 1.1661903789690602, "56": 0.4000000000000001, "58": 0.7483314773547883, "60": 1.16619037896906, "62": 0.7483314773547883, "64": 0.9797958971132713, "66": 1.6733200530681511, "68": 0.8944271909999159, "70": 1.0954451150103321, "72": 0.8944271909999159, "74": 1.1661903789690602, "76": 1.019803902718557, "78": 1.1661903789690602, "80": 0.48989794855663565, "82": 1.0954451150103321, "84": 0.7483314773547883, "86": 0.7483314773547883, "88": 1.019803902718557, "90": 0.8, "92": 1.4696938456699067, "94": 0.6324555320336759, "96": 1.3266499161421599, "98": 1.1661903789690602, "100": 1.32664991614216}