{"0": 2.3323807579381204, "2": 1.5491933384829668, "4": 2.0976176963403033, "6": 1.5491933384829668, "8": 1.1661903789690602, "10": 1.469693845669907, "12": 1.1661903789690602, "14": 1.854723699099141, "16": 0.8, "18": 1.0954451150103321, "20": 1.0954451150103321, "22": 1.2649110640673518, "24": 0.8, "26": 0.9797958971132713, "28": 0.8, "30": 1.019803902718557, "32": 0.7483314773547882, "34": 0.8944271909999159, "36": 0.8, "38": 1.019803902718557, "40": 0.7483314773547883, "42": 0.8944271909999159, "44": 0.48989794855663565, "46": 0.7483314773547882, "48": 0.48989794855663565, "50": 0.8, "52": 0.8, "54": 0.8, "56": 0.8, "58": 0.6324555320336759, "60": 0.48989794855663565, "62": 0.8, "64": 0.48989794855663565, "66": 0.4, "68": 0.9797958971132713, "70": 0.8, "72": 0.9797958971132713, "74": 1.019803902718557, "76": 0.7483314773547883, "78": 0.6324555320336759, "80": 0.4, "82": 1.0954451150103321, "84": 1.0954451150103321, "86": 0.6324555320336759, "88": 1.019803902718557, "90": 0.7483314773547882, "92": 0.6324555320336759, "94": 0.7483314773547882, "96": 0.7483314773547882, "98": 1.019803902718557, "100": 0.6324555320336759}