{"0": 1.32664991614216, "2": 1.2, "4": 1.3564659966250536, "6": 1.0198039027185568, "8": 1.32664991614216, "10": 1.0198039027185568, "12": 0.9797958971132711, "14": 1.0954451150103321, "16": 0.8, "18": 1.019803902718557, "20": 1.1661903789690602, "22": 1.1661903789690602, "24": 1.3266499161421599, "26": 1.019803902718557, "28": 1.4142135623730951, "30": 1.7204650534085253, "32": 1.6, "34": 1.8547236990991407, "36": 2.5612496949731396, "38": 1.7435595774162695, "40": 1.5999999999999999, "42": 2.4, "44": 1.7204650534085255, "46": 1.3564659966250536, "48": 1.624807680927192, "50": 1.019803902718557, "52": 1.5491933384829668, "54": 2.0591260281974, "56": 1.2649110640673518, "58": 1.3564659966250536, "60": 0.8, "62": 0.7483314773547883, "64": 1.0198039027185568, "66": 1.4966629547095767, "68": 1.5491933384829668, "70": 1.0954451150103321, "72": 0.8, "74": 0.7483314773547883, "76": 1.2, "78": 0.8, "80": 0.8, "82": 0.9797958971132713, "84": 0.7483314773547883, "86": 0.8944271909999159, "88": 0.8, "90": 1.0198039027185568, "92": 0.7483314773547883, "94": 0.8, "96": 1.2, "98": 0.9797958971132713, "100": 0.48989794855663565}