{"0": 2.481934729198171, "2": 1.7435595774162693, "4": 2.154065922853802, "6": 2.0591260281974, "8": 1.624807680927192, "10": 1.7204650534085253, "12": 1.32664991614216, "14": 1.0954451150103321, "16": 1.0954451150103321, "18": 0.7483314773547883, "20": 0.8, "22": 0.7483314773547883, "24": 0.7483314773547883, "26": 0.48989794855663565, "28": 1.16619037896906, "30": 1.0198039027185568, "32": 0.6324555320336759, "34": 0.9797958971132712, "36": 0.6324555320336759, "38": 0.7483314773547883, "40": 0.8944271909999159, "42": 0.48989794855663565, "44": 0.9797958971132711, "46": 0.8, "48": 0.4, "50": 0.8944271909999159, "52": 0.7483314773547883, "54": 0.9797958971132713, "56": 0.6324555320336759, "58": 0.9797958971132713, "60": 0.9797958971132713, "62": 0.4, "64": 0.4000000000000001, "66": 1.1661903789690602, "68": 1.0954451150103321, "70": 0.8944271909999159, "72": 0.7483314773547883, "74": 0.8944271909999159, "76": 1.019803902718557, "78": 1.1661903789690602, "80": 1.2649110640673518, "82": 0.8944271909999159, "84": 1.019803902718557, "86": 1.1661903789690602, "88": 0.8944271909999159, "90": 1.2, "92": 0.4, "94": 0.8, "96": 0.8944271909999159, "98": 1.0198039027185568, "100": 1.1661903789690602}