{"0": 0.48989794855663565, "2": 1.0954451150103321, "4": 0.6324555320336759, "6": 0.7483314773547883, "8": 0.4, "10": 0.6324555320336759, "12": 0.6324555320336759, "14": 0.48989794855663565, "16": 0.48989794855663565, "18": 0.4, "20": 0.48989794855663565, "22": 0.48989794855663565, "24": 0.0, "26": 0.48989794855663565, "28": 0.7483314773547883, "30": 0.7483314773547883, "32": 0.48989794855663565, "34": 0.4, "36": 0.8944271909999159, "38": 0.7483314773547883, "40": 0.6324555320336759, "42": 1.16619037896906, "44": 0.7483314773547883, "46": 0.8944271909999159, "48": 0.6324555320336759, "50": 0.48989794855663565, "52": 0.7483314773547883, "54": 0.8, "56": 0.48989794855663565, "58": 1.16619037896906, "60": 1.2, "62": 1.1661903789690602, "64": 1.0198039027185568, "66": 0.8, "68": 1.469693845669907, "70": 1.624807680927192, "72": 1.469693845669907, "74": 1.4142135623730951, "76": 2.1908902300206643, "78": 1.2, "80": 1.469693845669907, "82": 1.16619037896906, "84": 1.2, "86": 1.16619037896906, "88": 1.0198039027185568, "90": 1.2649110640673518, "92": 1.2, "94": 1.5999999999999999, "96": 0.8944271909999159, "98": 1.019803902718557, "100": 1.019803902718557}