{"0": 1.1661903789690602, "2": 0.6324555320336759, "4": 1.1661903789690602, "6": 0.4, "8": 1.0198039027185568, "10": 0.6324555320336759, "12": 1.1661903789690602, "14": 0.7483314773547882, "16": 0.7483314773547883, "18": 0.9797958971132712, "20": 1.019803902718557, "22": 0.6324555320336759, "24": 0.7483314773547883, "26": 1.1661903789690602, "28": 0.6324555320336759, "30": 1.0198039027185568, "32": 1.3564659966250536, "34": 0.7483314773547883, "36": 0.8, "38": 0.8944271909999159, "40": 0.7483314773547883, "42": 0.8, "44": 1.1661903789690602, "46": 1.8330302779823362, "48": 2.1540659228538015, "50": 2.0976176963403033, "52": 1.1661903789690602, "54": 1.7435595774162693, "56": 1.32664991614216, "58": 1.3564659966250538, "60": 1.0198039027185568, "62": 2.0396078054371136, "64": 1.0954451150103321, "66": 1.7435595774162693, "68": 1.0198039027185568, "70": 1.5999999999999999, "72": 0.8, "74": 0.8, "76": 0.8944271909999159, "78": 1.32664991614216, "80": 0.9797958971132712, "82": 1.32664991614216, "84": 0.4000000000000001, "86": 0.7483314773547883, "88": 1.7204650534085253, "90": 1.0198039027185568, "92": 0.4, "94": 1.16619037896906, "96": 1.019803902718557, "98": 0.7483314773547883, "100": 1.16619037896906}