{"0": 1.4142135623730951, "2": 0.7483314773547882, "4": 1.3564659966250538, "6": 0.4, "8": 0.4, "10": 0.9797958971132712, "12": 0.8, "14": 0.8944271909999159, "16": 0.48989794855663565, "18": 1.1661903789690602, "20": 1.3564659966250536, "22": 0.4, "24": 0.7483314773547883, "26": 0.6324555320336759, "28": 0.7483314773547883, "30": 1.1661903789690602, "32": 1.9390719429665317, "34": 1.469693845669907, "36": 1.7888543819998317, "38": 1.019803902718557, "40": 1.2649110640673518, "42": 1.624807680927192, "44": 1.0198039027185568, "46": 1.624807680927192, "48": 1.9595917942265424, "50": 2.4166091947189146, "52": 0.8, "54": 1.7204650534085255, "56": 1.9390719429665317, "58": 1.1661903789690602, "60": 1.4142135623730951, "62": 2.280350850198276, "64": 1.3564659966250538, "66": 1.5491933384829668, "68": 1.3564659966250538, "70": 0.6324555320336759, "72": 1.3564659966250536, "74": 1.469693845669907, "76": 1.8330302779823362, "78": 2.0976176963403033, "80": 1.4142135623730951, "82": 0.4, "84": 1.0954451150103321, "86": 1.0954451150103321, "88": 1.019803902718557, "90": 1.5999999999999999, "92": 0.8944271909999159, "94": 1.469693845669907, "96": 0.7483314773547883, "98": 1.6733200530681511, "100": 1.9390719429665315}