{"0": 1.1661903789690602, "2": 0.9797958971132713, "4": 0.8, "6": 1.6, "8": 0.48989794855663565, "10": 1.019803902718557, "12": 0.7483314773547882, "14": 0.9797958971132712, "16": 0.7483314773547883, "18": 0.4, "20": 0.8, "22": 0.7483314773547882, "24": 0.8944271909999159, "26": 0.6324555320336759, "28": 1.16619037896906, "30": 1.0198039027185568, "32": 0.8, "34": 0.48989794855663565, "36": 1.4142135623730951, "38": 0.7483314773547883, "40": 0.9797958971132712, "42": 0.7483314773547883, "44": 1.1661903789690602, "46": 0.7483314773547883, "48": 0.8944271909999159, "50": 1.0198039027185568, "52": 0.7483314773547882, "54": 0.8, "56": 0.8, "58": 0.8, "60": 0.8944271909999159, "62": 1.7204650534085253, "64": 0.9797958971132712, "66": 0.9797958971132713, "68": 1.019803902718557, "70": 1.0954451150103321, "72": 1.1661903789690602, "74": 1.0954451150103321, "76": 1.019803902718557, "78": 1.019803902718557, "80": 1.019803902718557, "82": 1.0198039027185568, "84": 1.019803902718557, "86": 1.2, "88": 0.7483314773547882, "90": 1.7204650534085253, "92": 0.48989794855663565, "94": 1.3564659966250536, "96": 0.7483314773547882, "98": 1.8547236990991407, "100": 1.4142135623730951}