{"0": 0.8944271909999159, "2": 0.9797958971132713, "4": 1.32664991614216, "6": 1.2, "8": 0.48989794855663565, "10": 1.32664991614216, "12": 1.019803902718557, "14": 1.4142135623730951, "16": 0.9797958971132713, "18": 0.7483314773547883, "20": 1.469693845669907, "22": 1.019803902718557, "24": 1.4966629547095767, "26": 1.6733200530681511, "28": 1.3564659966250536, "30": 1.9390719429665315, "32": 2.5612496949731396, "34": 3.7735924528226414, "36": 2.5612496949731396, "38": 2.870540018881465, "40": 3.5552777669262356, "42": 3.8781438859330635, "44": 3.1622776601683795, "46": 2.3664319132398464, "48": 2.4166091947189146, "50": 2.0976176963403033, "52": 1.3564659966250538, "54": 1.7435595774162695, "56": 1.7888543819998317, "58": 1.4142135623730951, "60": 1.0198039027185568, "62": 1.5999999999999999, "64": 1.2649110640673518, "66": 1.2, "68": 0.4, "70": 1.16619037896906, "72": 2.1354156504062622, "74": 0.8944271909999159, "76": 1.16619037896906, "78": 1.3564659966250536, "80": 1.1661903789690602, "82": 0.7483314773547883, "84": 0.48989794855663565, "86": 1.2, "88": 0.7483314773547883, "90": 2.1354156504062622, "92": 1.019803902718557, "94": 1.0954451150103321, "96": 1.624807680927192, "98": 2.1908902300206643, "100": 2.4}