{"0": 0.8, "2": 0.8, "4": 0.6324555320336759, "6": 0.48989794855663565, "8": 0.7483314773547883, "10": 1.019803902718557, "12": 1.0198039027185568, "14": 1.019803902718557, "16": 0.4, "18": 0.8944271909999159, "20": 1.6, "22": 1.16619037896906, "24": 0.7483314773547882, "26": 1.624807680927192, "28": 0.9797958971132712, "30": 0.48989794855663565, "32": 0.7483314773547883, "34": 1.624807680927192, "36": 0.9797958971132713, "38": 0.8, "40": 1.0954451150103321, "42": 0.7483314773547883, "44": 1.3564659966250536, "46": 0.8, "48": 0.6324555320336759, "50": 0.7483314773547883, "52": 1.019803902718557, "54": 1.1661903789690602, "56": 1.4966629547095764, "58": 1.469693845669907, "60": 0.48989794855663565, "62": 1.0954451150103321, "64": 0.7483314773547883, "66": 0.9797958971132713, "68": 1.3564659966250536, "70": 1.3564659966250538, "72": 0.6324555320336759, "74": 1.4966629547095767, "76": 1.1661903789690602, "78": 0.48989794855663565, "80": 1.469693845669907, "82": 0.9797958971132711, "84": 1.469693845669907, "86": 1.7435595774162693, "88": 1.2, "90": 1.1661903789690602, "92": 1.6, "94": 1.16619037896906, "96": 1.019803902718557, "98": 0.8, "100": 0.48989794855663565}