{"0": 2.481934729198171, "2": 2.785677655436824, "4": 1.8330302779823362, "6": 2.870540018881465, "8": 1.7204650534085253, "10": 2.727636339397171, "12": 2.65329983228432, "14": 2.4166091947189146, "16": 2.4166091947189146, "18": 1.9390719429665317, "20": 1.8330302779823362, "22": 2.0591260281974, "24": 2.4, "26": 2.1908902300206643, "28": 2.315167380558045, "30": 1.3564659966250536, "32": 1.469693845669907, "34": 1.7204650534085255, "36": 2.4166091947189146, "38": 1.4966629547095767, "40": 2.4166091947189146, "42": 1.9595917942265426, "44": 2.9664793948382653, "46": 2.7129319932501073, "48": 2.993325909419153, "50": 3.0983866769659336, "52": 4.069397989875161, "54": 2.785677655436824, "56": 3.762977544445356, "58": 4.1952353926806065, "60": 4.604345773288535, "62": 3.1622776601683795, "64": 7.39188744503053, "66": 3.487119154832539, "68": 4.48998886412873, "70": 3.762977544445356, "72": 3.0983866769659336, "74": 2.638181191654584, "76": 1.9390719429665315, "78": 1.624807680927192, "80": 1.854723699099141, "82": 1.9595917942265426, "84": 1.0198039027185568, "86": 2.6381811916545836, "88": 1.6733200530681511, "90": 2.1354156504062622, "92": 1.2649110640673518, "94": 0.6324555320336759, "96": 1.854723699099141, "98": 1.7204650534085253, "100": 2.4166091947189146}