{"0": 2.8000000000000003, "2": 1.7435595774162693, "4": 1.624807680927192, "6": 1.9390719429665315, "8": 1.3564659966250538, "10": 2.727636339397171, "12": 1.2649110640673518, "14": 2.315167380558045, "16": 1.8330302779823358, "18": 2.1354156504062622, "20": 1.3564659966250538, "22": 1.4142135623730951, "24": 2.315167380558045, "26": 1.0198039027185568, "28": 1.6733200530681511, "30": 1.7435595774162693, "32": 1.7435595774162693, "34": 1.6733200530681511, "36": 1.2649110640673518, "38": 1.469693845669907, "40": 0.7483314773547883, "42": 1.019803902718557, "44": 1.9390719429665315, "46": 2.039607805437114, "48": 1.4142135623730951, "50": 2.1908902300206643, "52": 1.7435595774162693, "54": 2.5298221281347035, "56": 2.481934729198171, "58": 3.847076812334269, "60": 3.3823069050575527, "62": 3.1874754901018454, "64": 2.638181191654584, "66": 3.32264954516723, "68": 2.5612496949731396, "70": 2.244994432064365, "72": 2.244994432064365, "74": 3.4292856398964497, "76": 2.6832815729997477, "78": 2.481934729198171, "80": 3.8262252939417984, "82": 4.049691346263317, "84": 2.638181191654584, "86": 3.187475490101846, "88": 3.8781438859330635, "90": 2.925747767665559, "92": 2.939387691339814, "94": 3.8781438859330635, "96": 3.2496153618543846, "98": 3.187475490101846, "100": 3.03315017762062}