{"0": 0.4, "2": 1.0954451150103321, "4": 1.019803902718557, "6": 0.4, "8": 0.4, "10": 0.8, "12": 0.6324555320336759, "14": 1.4966629547095767, "16": 0.8, "18": 1.1661903789690602, "20": 0.7483314773547882, "22": 0.7483314773547882, "24": 0.9797958971132712, "26": 0.48989794855663565, "28": 0.7483314773547883, "30": 1.7435595774162693, "32": 0.8, "34": 1.2, "36": 1.469693845669907, "38": 1.019803902718557, "40": 0.6324555320336759, "42": 0.4000000000000001, "44": 0.8, "46": 0.7483314773547883, "48": 0.48989794855663565, "50": 1.019803902718557, "52": 0.9797958971132713, "54": 1.1661903789690602, "56": 1.7204650534085253, "58": 1.3564659966250536, "60": 2.870540018881465, "62": 1.16619037896906, "64": 5.1536394906900505, "66": 0.9797958971132711, "68": 1.7204650534085255, "70": 0.9797958971132711, "72": 0.48989794855663565, "74": 0.8944271909999159, "76": 0.6324555320336759, "78": 1.0954451150103321, "80": 1.1661903789690602, "82": 1.32664991614216, "84": 0.6324555320336759, "86": 1.1661903789690602, "88": 0.48989794855663565, "90": 2.0976176963403033, "92": 0.48989794855663565, "94": 1.0954451150103321, "96": 0.4, "98": 0.48989794855663565, "100": 1.019803902718557}