{"0": 1.4142135623730951, "2": 1.0198039027185568, "4": 0.8, "6": 1.019803902718557, "8": 0.6324555320336759, "10": 1.32664991614216, "12": 1.16619037896906, "14": 1.32664991614216, "16": 0.9797958971132713, "18": 0.9797958971132713, "20": 1.0954451150103321, "22": 1.469693845669907, "24": 1.4142135623730951, "26": 1.4142135623730951, "28": 1.8973665961010275, "30": 0.7483314773547883, "32": 0.4, "34": 1.2649110640673518, "36": 1.5999999999999999, "38": 1.2649110640673518, "40": 2.1908902300206643, "42": 0.48989794855663565, "44": 2.1908902300206643, "46": 1.4142135623730951, "48": 0.6324555320336759, "50": 1.019803902718557, "52": 1.6733200530681511, "54": 1.4966629547095764, "56": 1.019803902718557, "58": 1.32664991614216, "60": 0.9797958971132713, "62": 1.3564659966250536, "64": 1.4966629547095764, "66": 1.019803902718557, "68": 0.7483314773547883, "70": 1.8330302779823362, "72": 1.2, "74": 1.469693845669907, "76": 1.3564659966250536, "78": 2.0591260281974, "80": 1.3266499161421599, "82": 1.32664991614216, "84": 1.6733200530681511, "86": 1.624807680927192, "88": 1.6, "90": 1.1661903789690602, "92": 1.3564659966250536, "94": 1.3564659966250536, "96": 1.3564659966250536, "98": 1.6, "100": 1.4966629547095767}