{"0": 0.8944271909999159, "2": 1.0954451150103321, "4": 0.48989794855663565, "6": 1.3564659966250536, "8": 1.1661903789690602, "10": 1.019803902718557, "12": 0.8, "14": 0.7483314773547882, "16": 1.019803902718557, "18": 0.8, "20": 1.0954451150103321, "22": 0.9797958971132712, "24": 1.1661903789690602, "26": 1.16619037896906, "28": 1.1661903789690602, "30": 0.7483314773547883, "32": 1.0954451150103321, "34": 1.4142135623730951, "36": 2.1354156504062622, "38": 1.3564659966250538, "40": 2.3323807579381204, "42": 0.8, "44": 1.7435595774162693, "46": 0.7483314773547883, "48": 1.0954451150103321, "50": 1.16619037896906, "52": 1.854723699099141, "54": 1.1661903789690602, "56": 1.3564659966250536, "58": 2.3151673805580453, "60": 1.5491933384829668, "62": 0.7483314773547883, "64": 1.32664991614216, "66": 1.9390719429665317, "68": 0.7483314773547883, "70": 0.8944271909999159, "72": 0.48989794855663565, "74": 0.7483314773547883, "76": 1.6, "78": 0.6324555320336759, "80": 0.7483314773547883, "82": 0.7483314773547883, "84": 0.8944271909999159, "86": 0.8944271909999159, "88": 1.0954451150103321, "90": 1.019803902718557, "92": 0.7483314773547883, "94": 1.1661903789690602, "96": 1.3564659966250538, "98": 1.0198039027185568, "100": 1.2649110640673518}