{"0": 1.854723699099141, "2": 1.6733200530681511, "4": 1.4966629547095767, "6": 2.3323807579381204, "8": 1.7204650534085253, "10": 1.469693845669907, "12": 1.3564659966250538, "14": 2.925747767665558, "16": 0.8, "18": 2.244994432064365, "20": 1.4142135623730951, "22": 0.8944271909999159, "24": 1.1661903789690602, "26": 1.2649110640673518, "28": 1.2, "30": 0.7483314773547883, "32": 1.2649110640673518, "34": 0.8, "36": 0.9797958971132713, "38": 1.019803902718557, "40": 1.469693845669907, "42": 0.7483314773547882, "44": 0.6324555320336759, "46": 0.7483314773547883, "48": 1.019803902718557, "50": 0.6324555320336759, "52": 1.854723699099141, "54": 1.32664991614216, "56": 0.8944271909999159, "58": 1.1661903789690602, "60": 0.9797958971132712, "62": 0.6324555320336759, "64": 1.019803902718557, "66": 0.7483314773547883, "68": 0.48989794855663565, "70": 1.019803902718557, "72": 0.4, "74": 0.48989794855663565, "76": 0.7483314773547883, "78": 0.7483314773547883, "80": 1.0954451150103321, "82": 0.6324555320336759, "84": 0.8, "86": 0.6324555320336759, "88": 0.8944271909999159, "90": 1.3564659966250536, "92": 1.0954451150103321, "94": 1.2, "96": 0.48989794855663565, "98": 0.7483314773547883, "100": 0.6324555320336759}