{"0": 1.4966629547095764, "2": 0.7483314773547883, "4": 0.4, "6": 1.16619037896906, "8": 0.7483314773547883, "10": 0.8944271909999159, "12": 1.0954451150103321, "14": 0.4, "16": 0.7483314773547883, "18": 0.4, "20": 0.48989794855663565, "22": 1.16619037896906, "24": 0.48989794855663565, "26": 0.7483314773547883, "28": 0.6324555320336759, "30": 1.4966629547095767, "32": 1.5999999999999999, "34": 0.8, "36": 0.48989794855663565, "38": 1.2649110640673518, "40": 1.019803902718557, "42": 2.1540659228538015, "44": 1.7204650534085253, "46": 1.019803902718557, "48": 1.2649110640673518, "50": 0.8944271909999159, "52": 1.32664991614216, "54": 1.7888543819998317, "56": 0.8, "58": 0.9797958971132713, "60": 1.9390719429665315, "62": 1.7204650534085253, "64": 1.8547236990991407, "66": 1.019803902718557, "68": 1.8547236990991407, "70": 2.0396078054371136, "72": 1.7204650534085253, "74": 0.8944271909999159, "76": 1.1661903789690602, "78": 1.019803902718557, "80": 1.019803902718557, "82": 0.4, "84": 1.4966629547095767, "86": 1.019803902718557, "88": 2.0976176963403033, "90": 0.8, "92": 0.9797958971132712, "94": 0.7483314773547883, "96": 0.48989794855663565, "98": 1.1661903789690602, "100": 1.2}