{"0": 1.7435595774162693, "2": 1.0198039027185568, "4": 1.2, "6": 0.4000000000000001, "8": 0.6324555320336759, "10": 1.32664991614216, "12": 2.315167380558045, "14": 1.8547236990991407, "16": 2.0591260281974, "18": 1.2, "20": 2.4979991993593593, "22": 1.9390719429665317, "24": 1.9390719429665315, "26": 1.8547236990991407, "28": 1.2649110640673518, "30": 1.1661903789690602, "32": 0.8944271909999159, "34": 1.4142135623730951, "36": 1.5999999999999999, "38": 1.3564659966250538, "40": 0.8, "42": 1.5999999999999999, "44": 1.32664991614216, "46": 1.5999999999999999, "48": 2.33238075793812, "50": 1.7435595774162693, "52": 2.244994432064365, "54": 2.244994432064365, "56": 2.0396078054371136, "58": 1.9390719429665315, "60": 2.0591260281974, "62": 2.3664319132398464, "64": 2.0591260281974, "66": 1.3564659966250538, "68": 1.9595917942265426, "70": 2.0976176963403033, "72": 2.65329983228432, "74": 1.624807680927192, "76": 1.6, "78": 2.227105745132009, "80": 2.1354156504062622, "82": 2.154065922853802, "84": 1.854723699099141, "86": 1.8547236990991407, "88": 2.6381811916545836, "90": 1.469693845669907, "92": 2.2271057451320084, "94": 2.154065922853802, "96": 1.7888543819998317, "98": 2.8284271247461903, "100": 2.4}