{"0": 1.9595917942265424, "2": 1.4142135623730951, "4": 1.0198039027185568, "6": 8.182909018191515, "8": 7.626270385975047, "10": 11.757550765359253, "12": 10.777754868245983, "14": 5.71314274283428, "16": 2.0591260281974, "18": 1.5491933384829668, "20": 5.019960159204453, "22": 11.253443917308159, "24": 8.158431221748456, "26": 13.813037319865606, "28": 10.744300814850634, "30": 10.658330075579382, "32": 5.9531504264548865, "34": 11.160645142642965, "36": 7.64198926981712, "38": 6.887670143089024, "40": 6.794115100585212, "42": 13.865064009949611, "44": 12.155657119218196, "46": 13.661625086350451, "48": 11.408768557561329, "50": 11.637869220780924, "52": 7.6000000000000005, "54": 22.93817778290159, "56": 9.2, "58": 13.994284547628721, "60": 8.522910301065007, "62": 8.357032966310472, "64": 10.287856919689348, "66": 10.166612021711067, "68": 13.484806264830057, "70": 1.624807680927192, "72": 7.364781055808788, "74": 3.8262252939417984, "76": 18.36736235827017, "78": 8.754427451295715, "80": 3.006659275674582, "82": 7.536577472566709, "84": 2.3323807579381204, "86": 2.2271057451320084, "88": 1.2649110640673518, "90": 0.4, "92": 2.2271057451320084, "94": 0.8944271909999159, "96": 0.7483314773547883, "98": 2.3323807579381204, "100": 2.925747767665559}