{"0": 21.81375712709757, "2": 21.786234185833955, "4": 21.30352083576797, "6": 20.37253052519495, "8": 21.614809737770074, "10": 23.294634575369496, "12": 18.778711350888805, "14": 21.81375712709757, "16": 26.867080228413357, "18": 36.2579646422686, "20": 42.43300602125662, "22": 10.979981785048643, "24": 8.546344247688598, "26": 16.44870815596167, "28": 9.21737489744233, "30": 9.444575162494075, "32": 15.419468213917105, "34": 8.541662601625049, "36": 2.8000000000000003, "38": 9.88736567544662, "40": 14.905032707109367, "42": 15.118200951171405, "44": 21.721878371816743, "46": 6.523802572120037, "48": 13.36263447079205, "50": 14.27445270404438, "52": 6.1838499334961226, "54": 12.753038853543888, "56": 8.024961059095553, "58": 7.138627319029899, "60": 1.1661903789690602, "62": 0.9797958971132712, "64": 0.9797958971132712, "66": 1.2, "68": 0.7483314773547883, "70": 1.469693845669907, "72": 1.0954451150103321, "74": 1.4966629547095767, "76": 1.2649110640673518, "78": 2.7129319932501073, "80": 1.3564659966250538, "82": 0.7483314773547883, "84": 1.2, "86": 0.8944271909999159, "88": 1.0198039027185568, "90": 1.0954451150103321, "92": 1.16619037896906, "94": 1.5491933384829668, "96": 1.3564659966250536, "98": 1.1661903789690602, "100": 1.1661903789690602}