{"0": 0.8944271909999159, "2": 0.7483314773547883, "4": 0.48989794855663565, "6": 1.019803902718557, "8": 0.7483314773547883, "10": 0.7483314773547883, "12": 1.019803902718557, "14": 1.019803902718557, "16": 0.4000000000000001, "18": 1.1661903789690602, "20": 0.48989794855663565, "22": 1.16619037896906, "24": 1.4142135623730951, "26": 1.019803902718557, "28": 0.48989794855663565, "30": 0.7483314773547883, "32": 0.8944271909999159, "34": 0.9797958971132711, "36": 1.019803902718557, "38": 0.7483314773547883, "40": 0.8944271909999159, "42": 0.7483314773547883, "44": 0.7483314773547883, "46": 0.6324555320336759, "48": 0.4, "50": 1.1661903789690602, "52": 0.8944271909999159, "54": 1.019803902718557, "56": 0.4000000000000001, "58": 1.2649110640673518, "60": 1.2, "62": 1.2649110640673518, "64": 0.7483314773547883, "66": 0.8, "68": 1.2649110640673518, "70": 0.7483314773547883, "72": 0.7483314773547883, "74": 0.8, "76": 1.019803902718557, "78": 1.2, "80": 1.469693845669907, "82": 1.3266499161421599, "84": 0.8944271909999159, "86": 0.8944271909999159, "88": 0.7999999999999999, "90": 1.2, "92": 1.1661903789690602, "94": 1.2, "96": 1.0954451150103321, "98": 0.9797958971132713, "100": 1.624807680927192}