{"0": 0.48989794855663565, "2": 0.7483314773547883, "4": 0.4, "6": 0.7483314773547883, "8": 0.0, "10": 0.7483314773547883, "12": 0.4000000000000001, "14": 0.48989794855663565, "16": 0.48989794855663565, "18": 0.48989794855663565, "20": 0.8, "22": 0.4, "24": 0.48989794855663565, "26": 0.7483314773547883, "28": 0.48989794855663565, "30": 0.4, "32": 0.6324555320336759, "34": 0.48989794855663565, "36": 0.4, "38": 0.4, "40": 0.8, "42": 0.4, "44": 0.0, "46": 0.48989794855663565, "48": 0.8, "50": 0.48989794855663565, "52": 0.6324555320336759, "54": 0.48989794855663565, "56": 0.8944271909999159, "58": 0.7483314773547883, "60": 0.9797958971132713, "62": 0.8, "64": 0.7483314773547883, "66": 0.4000000000000001, "68": 0.48989794855663565, "70": 0.48989794855663565, "72": 0.8, "74": 0.48989794855663565, "76": 0.8, "78": 1.019803902718557, "80": 0.8, "82": 0.9797958971132713, "84": 0.6324555320336759, "86": 0.7483314773547883, "88": 0.4000000000000001, "90": 0.7483314773547883, "92": 0.7483314773547883, "94": 0.6324555320336759, "96": 0.6324555320336759, "98": 0.4, "100": 1.019803902718557}