{"0": 29.802013354805407, "2": 31.36622387218455, "4": 10.146920715172657, "6": 10.295630140987, "8": 12.512393855693642, "10": 16.692513291892265, "12": 28.890136725187023, "14": 38.19738210924932, "16": 21.216974336601343, "18": 9.178235124467012, "20": 7.467261881037788, "22": 7.28285658241325, "24": 7.5099933422074345, "26": 7.536577472566709, "28": 16.230834852218784, "30": 15.401298646542765, "32": 14.430523206037956, "34": 16.852299546352718, "36": 12.544321424453376, "38": 21.90342438980718, "40": 15.53061492665374, "42": 17.453939383417143, "44": 16.769019053003667, "46": 12.560254774486065, "48": 10.342146779078316, "50": 11.29601699715435, "52": 14.669696656713798, "54": 28.628656971642943, "56": 2.870540018881465, "58": 9.372299611087985, "60": 5.851495535331116, "62": 6.8527366796047255, "64": 15.704776343520466, "66": 14.319217855735, "68": 11.923086848631101, "70": 7.172168430816442, "72": 8.452218643646175, "74": 4.8, "76": 3.5440090293338704, "78": 3.2, "80": 3.5552777669262356, "82": 3.521363372331802, "84": 3.655133376499413, "86": 4.979959839195493, "88": 4.147288270665544, "90": 5.388877434122992, "92": 26.026140705068048, "94": 26.145745351777602, "96": 25.055139193387053, "98": 24.50632571398658, "100": 2.2271057451320084}