{"0": 0.4, "2": 0.48989794855663565, "4": 0.48989794855663565, "6": 0.7483314773547883, "8": 0.48989794855663565, "10": 0.0, "12": 0.4, "14": 0.48989794855663565, "16": 0.4, "18": 0.48989794855663565, "20": 0.4, "22": 0.4, "24": 0.0, "26": 0.7483314773547883, "28": 0.48989794855663565, "30": 0.6324555320336759, "32": 0.48989794855663565, "34": 0.8, "36": 0.6324555320336759, "38": 0.6324555320336759, "40": 0.48989794855663565, "42": 0.48989794855663565, "44": 0.48989794855663565, "46": 0.4, "48": 0.6324555320336759, "50": 0.6324555320336759, "52": 0.8944271909999159, "54": 0.4, "56": 0.6324555320336759, "58": 0.9797958971132712, "60": 0.8, "62": 0.6324555320336759, "64": 0.48989794855663565, "66": 0.7483314773547883, "68": 0.48989794855663565, "70": 0.4, "72": 0.0, "74": 0.6324555320336759, "76": 0.0, "78": 0.4, "80": 0.6324555320336759, "82": 0.4, "84": 0.6324555320336759, "86": 0.7483314773547883, "88": 0.7483314773547883, "90": 0.6324555320336759, "92": 0.0, "94": 0.4, "96": 0.48989794855663565, "98": 0.4, "100": 0.48989794855663565}