{"0": 13.632314550361578, "2": 12.702755606560334, "4": 12.531560158256434, "6": 12.221292893961751, "8": 12.345039489608771, "10": 12.370933675353692, "12": 12.416118556135006, "14": 12.280065146407, "16": 11.805083650698965, "18": 11.98999582985749, "20": 11.906300852909773, "22": 10.925200226998129, "24": 11.124747188138704, "26": 10.34601372510205, "28": 9.810198774744578, "30": 9.810198774744578, "32": 8.049844718999243, "34": 7.934733769950949, "36": 7.166589146867567, "38": 6.770524351924302, "40": 6.881860213634101, "42": 6.177378084592201, "44": 4.9396356140913875, "46": 3.9698866482558417, "48": 3.006659275674582, "50": 1.854723699099141, "52": 1.7888543819998317, "54": 0.9797958971132712, "56": 2.1354156504062622, "58": 1.6, "60": 0.0, "62": 0.9797958971132712, "64": 1.9390719429665317, "66": 2.6381811916545836, "68": 2.227105745132009, "70": 1.7435595774162693, "72": 2.227105745132009, "74": 2.727636339397171, "76": 2.6076809620810595, "78": 2.7856776554368237, "80": 2.33238075793812, "82": 2.4819347291981715, "84": 2.4979991993593593, "86": 2.6381811916545836, "88": 3.3823069050575527, "90": 2.7129319932501073, "92": 2.5768197453450252, "94": 2.4166091947189146, "96": 2.870540018881465, "98": 2.5612496949731396, "100": 2.9664793948382653}