{"0": 0.4, "2": 0.4, "4": 0.48989794855663565, "6": 0.4, "8": 0.8, "10": 0.6324555320336759, "12": 0.0, "14": 0.8, "16": 0.48989794855663565, "18": 0.48989794855663565, "20": 0.6324555320336759, "22": 0.4, "24": 0.6324555320336759, "26": 0.9797958971132713, "28": 0.4, "30": 0.48989794855663565, "32": 0.48989794855663565, "34": 0.8, "36": 0.7483314773547883, "38": 0.48989794855663565, "40": 1.019803902718557, "42": 0.8, "44": 0.9797958971132713, "46": 0.4, "48": 0.48989794855663565, "50": 1.16619037896906, "52": 0.8, "54": 1.1661903789690602, "56": 0.7483314773547883, "58": 0.4, "60": 0.7483314773547883, "62": 0.4, "64": 0.7483314773547883, "66": 0.48989794855663565, "68": 0.7483314773547883, "70": 0.4, "72": 0.48989794855663565, "74": 0.48989794855663565, "76": 0.6324555320336759, "78": 0.4, "80": 0.7483314773547883, "82": 0.48989794855663565, "84": 0.0, "86": 0.7483314773547883, "88": 0.48989794855663565, "90": 0.7483314773547883, "92": 0.4, "94": 0.8, "96": 0.48989794855663565, "98": 0.48989794855663565, "100": 0.48989794855663565}