{"0": 0.6324555320336759, "2": 0.8, "4": 0.7483314773547883, "6": 0.7483314773547883, "8": 1.019803902718557, "10": 0.7483314773547883, "12": 0.6324555320336759, "14": 0.8, "16": 0.9797958971132713, "18": 0.8944271909999159, "20": 0.7483314773547883, "22": 0.8944271909999159, "24": 0.48989794855663565, "26": 0.6324555320336759, "28": 0.7483314773547883, "30": 0.4000000000000001, "32": 0.9797958971132713, "34": 1.6, "36": 0.9797958971132711, "38": 0.6324555320336759, "40": 1.5999999999999999, "42": 0.6324555320336759, "44": 0.48989794855663565, "46": 0.4000000000000001, "48": 0.8, "50": 1.0954451150103321, "52": 1.1661903789690602, "54": 0.7483314773547883, "56": 0.9797958971132713, "58": 0.7999999999999999, "60": 0.8, "62": 0.4, "64": 0.8944271909999159, "66": 1.1661903789690602, "68": 1.019803902718557, "70": 0.7483314773547883, "72": 0.8, "74": 1.3564659966250536, "76": 0.7483314773547883, "78": 0.8, "80": 0.7483314773547883, "82": 0.8, "84": 1.1661903789690602, "86": 0.8944271909999159, "88": 0.7483314773547883, "90": 1.4142135623730951, "92": 0.8944271909999159, "94": 1.0954451150103321, "96": 1.2649110640673518, "98": 1.1661903789690602, "100": 1.019803902718557}