{"0": 0.4, "2": 0.7483314773547883, "4": 0.7483314773547882, "6": 0.48989794855663565, "8": 0.4, "10": 0.0, "12": 0.7483314773547883, "14": 0.6324555320336759, "16": 0.6324555320336759, "18": 0.0, "20": 0.48989794855663565, "22": 0.4, "24": 0.4, "26": 0.4000000000000001, "28": 0.4, "30": 0.48989794855663565, "32": 0.48989794855663565, "34": 0.7999999999999999, "36": 0.0, "38": 0.48989794855663565, "40": 0.4, "42": 0.48989794855663565, "44": 1.16619037896906, "46": 0.6324555320336759, "48": 0.48989794855663565, "50": 0.7483314773547883, "52": 0.0, "54": 0.0, "56": 0.48989794855663565, "58": 0.7483314773547883, "60": 0.48989794855663565, "62": 0.48989794855663565, "64": 0.7483314773547883, "66": 1.019803902718557, "68": 0.7999999999999999, "70": 0.7483314773547883, "72": 0.6324555320336759, "74": 0.48989794855663565, "76": 0.7483314773547883, "78": 0.8, "80": 1.019803902718557, "82": 0.4000000000000001, "84": 0.7483314773547883, "86": 0.8944271909999159, "88": 0.8, "90": 0.6324555320336759, "92": 0.7483314773547883, "94": 0.8944271909999159, "96": 0.4000000000000001, "98": 1.16619037896906, "100": 0.48989794855663565}