{"0": 1.2649110640673518, "2": 1.469693845669907, "4": 0.8, "6": 0.7483314773547883, "8": 0.7483314773547883, "10": 1.0198039027185568, "12": 0.0, "14": 0.48989794855663565, "16": 0.7483314773547883, "18": 0.7483314773547883, "20": 0.48989794855663565, "22": 2.1354156504062622, "24": 0.8, "26": 0.4000000000000001, "28": 1.7435595774162693, "30": 0.4000000000000001, "32": 0.0, "34": 0.0, "36": 0.6324555320336759, "38": 0.7483314773547883, "40": 1.019803902718557, "42": 1.0954451150103321, "44": 1.019803902718557, "46": 0.7483314773547883, "48": 8.109253973085318, "50": 3.8157568056677826, "52": 8.049844718999243, "54": 2.65329983228432, "56": 11.668761716651858, "58": 9.350935782048767, "60": 4.621688003316537, "62": 1.6733200530681511, "64": 5.775811631277461, "66": 6.343500610861482, "68": 2.481934729198171, "70": 1.2, "72": 2.0591260281974, "74": 3.3105890714493698, "76": 5.748043145279966, "78": 4.079215610874228, "80": 2.727636339397171, "82": 2.4166091947189146, "84": 2.5768197453450252, "86": 2.939387691339814, "88": 2.638181191654584, "90": 2.5768197453450252, "92": 2.939387691339814, "94": 2.4166091947189146, "96": 2.785677655436824, "98": 2.4166091947189146, "100": 2.5768197453450252}