{"0": 0.4, "2": 0.4, "4": 0.9797958971132713, "6": 0.48989794855663565, "8": 0.48989794855663565, "10": 0.48989794855663565, "12": 0.48989794855663565, "14": 0.4, "16": 0.6324555320336759, "18": 0.4, "20": 0.48989794855663565, "22": 0.6324555320336759, "24": 0.6324555320336759, "26": 0.48989794855663565, "28": 0.48989794855663565, "30": 0.6324555320336759, "32": 0.7483314773547883, "34": 0.6324555320336759, "36": 0.48989794855663565, "38": 0.48989794855663565, "40": 0.7483314773547883, "42": 0.7483314773547883, "44": 0.6324555320336759, "46": 0.4000000000000001, "48": 1.0954451150103321, "50": 0.6324555320336759, "52": 0.6324555320336759, "54": 0.6324555320336759, "56": 0.48989794855663565, "58": 0.8, "60": 0.7483314773547883, "62": 0.48989794855663565, "64": 0.6324555320336759, "66": 0.7483314773547883, "68": 0.48989794855663565, "70": 0.4, "72": 0.6324555320336759, "74": 0.4000000000000001, "76": 0.48989794855663565, "78": 0.0, "80": 0.7483314773547883, "82": 0.7483314773547883, "84": 0.0, "86": 0.7483314773547883, "88": 0.7483314773547883, "90": 0.0, "92": 0.7483314773547883, "94": 0.48989794855663565, "96": 0.4, "98": 0.48989794855663565, "100": 0.48989794855663565}