{"0": 1.854723699099141, "2": 1.2, "4": 1.7204650534085255, "6": 1.7204650534085255, "8": 1.3564659966250536, "10": 2.0, "12": 1.1661903789690602, "14": 1.3564659966250538, "16": 1.4696938456699067, "18": 1.7435595774162695, "20": 1.1661903789690602, "22": 1.3564659966250536, "24": 0.9797958971132712, "26": 1.0954451150103321, "28": 1.1661903789690602, "30": 1.1661903789690602, "32": 1.0954451150103321, "34": 0.9797958971132711, "36": 1.0954451150103321, "38": 0.9797958971132711, "40": 0.8, "42": 0.8, "44": 1.2649110640673518, "46": 1.1661903789690602, "48": 0.9797958971132711, "50": 0.8, "52": 1.5491933384829668, "54": 0.6324555320336759, "56": 1.3564659966250536, "58": 1.1661903789690602, "60": 1.5491933384829668, "62": 1.019803902718557, "64": 1.32664991614216, "66": 1.3564659966250536, "68": 1.3564659966250536, "70": 1.7204650534085253, "72": 1.3266499161421599, "74": 1.1661903789690602, "76": 1.624807680927192, "78": 1.5491933384829668, "80": 1.4966629547095764, "82": 1.1661903789690602, "84": 1.0954451150103321, "86": 1.6733200530681511, "88": 1.2, "90": 1.4696938456699067, "92": 1.3266499161421599, "94": 1.4966629547095764, "96": 1.1661903789690602, "98": 1.3266499161421599, "100": 1.1661903789690602}