{"0": 0.8, "2": 0.9797958971132712, "4": 0.4, "6": 0.48989794855663565, "8": 0.4, "10": 0.4, "12": 0.4, "14": 0.48989794855663565, "16": 0.7483314773547882, "18": 0.9797958971132711, "20": 0.0, "22": 0.0, "24": 0.4, "26": 0.7483314773547883, "28": 0.48989794855663565, "30": 0.4000000000000001, "32": 0.0, "34": 0.4, "36": 0.48989794855663565, "38": 0.48989794855663565, "40": 0.48989794855663565, "42": 0.4000000000000001, "44": 0.48989794855663565, "46": 0.7483314773547883, "48": 0.48989794855663565, "50": 0.7483314773547883, "52": 0.6324555320336759, "54": 0.4, "56": 0.7483314773547883, "58": 0.7483314773547883, "60": 0.7483314773547883, "62": 0.7483314773547883, "64": 0.7483314773547883, "66": 0.48989794855663565, "68": 0.6324555320336759, "70": 0.4000000000000001, "72": 0.48989794855663565, "74": 0.8, "76": 0.8944271909999159, "78": 1.019803902718557, "80": 0.4000000000000001, "82": 1.1661903789690602, "84": 0.48989794855663565, "86": 0.9797958971132713, "88": 0.48989794855663565, "90": 0.8, "92": 0.48989794855663565, "94": 0.4000000000000001, "96": 0.4, "98": 0.8, "100": 0.48989794855663565}