{"0": 0.7483314773547883, "2": 1.0198039027185568, "4": 6.64529909033446, "6": 6.343500610861481, "8": 2.2271057451320084, "10": 8.82269800004511, "12": 2.0976176963403033, "14": 1.0198039027185568, "16": 0.48989794855663565, "18": 0.4, "20": 1.0198039027185568, "22": 0.6324555320336759, "24": 2.0976176963403033, "26": 1.0954451150103321, "28": 1.1661903789690602, "30": 1.0198039027185568, "32": 2.0591260281974, "34": 11.045361017187261, "36": 0.8, "38": 1.3266499161421599, "40": 0.48989794855663565, "42": 1.5491933384829668, "44": 1.2, "46": 0.8, "48": 0.7999999999999999, "50": 1.16619037896906, "52": 0.48989794855663565, "54": 3.03315017762062, "56": 0.48989794855663565, "58": 3.2619012860600183, "60": 4.715930449020639, "62": 6.910861017268399, "64": 12.815615474880634, "66": 5.817215828899594, "68": 9.666436778875656, "70": 7.467261881037788, "72": 7.858753081755401, "74": 4.604345773288535, "76": 5.418486873657627, "78": 9.879271228182775, "80": 9.620810776644555, "82": 4.857983120596447, "84": 10.628264204469138, "86": 4.758150901348127, "88": 4.69041575982343, "90": 4.308131845707604, "92": 4.427188724235731, "94": 4.621688003316537, "96": 4.664761515876241, "98": 4.427188724235731, "100": 4.586937976471886}