{"0": 1.019803902718557, "2": 0.8, "4": 9.453041838477178, "6": 1.1661903789690602, "8": 1.019803902718557, "10": 1.019803902718557, "12": 1.019803902718557, "14": 1.4696938456699067, "16": 0.6324555320336759, "18": 0.48989794855663565, "20": 1.019803902718557, "22": 0.7483314773547883, "24": 1.019803902718557, "26": 1.3564659966250536, "28": 0.4, "30": 0.7483314773547883, "32": 0.4, "34": 0.7483314773547883, "36": 1.019803902718557, "38": 0.6324555320336759, "40": 0.8, "42": 0.6324555320336759, "44": 1.3564659966250536, "46": 0.4, "48": 0.8944271909999159, "50": 4.621688003316537, "52": 1.4966629547095767, "54": 1.019803902718557, "56": 0.8, "58": 3.7202150475476548, "60": 1.469693845669907, "62": 0.4, "64": 0.8944271909999159, "66": 2.870540018881465, "68": 1.4966629547095767, "70": 0.8944271909999159, "72": 0.9797958971132711, "74": 0.7483314773547883, "76": 1.3564659966250536, "78": 0.7483314773547883, "80": 1.0954451150103321, "82": 1.019803902718557, "84": 1.019803902718557, "86": 1.5491933384829668, "88": 1.0954451150103321, "90": 1.7204650534085253, "92": 1.7435595774162693, "94": 0.8, "96": 1.0954451150103321, "98": 0.7483314773547883, "100": 0.7483314773547883}