{"0": 2.0548046676563256, "2": 0.816496580927726, "4": 0.4714045207910317, "6": 0.9428090415820634, "8": 0.0, "10": 0.4714045207910317, "12": 0.4714045207910317, "14": 0.816496580927726, "16": 0.4714045207910317, "18": 0.4714045207910317, "20": 0.0, "22": 0.4714045207910317, "24": 0.816496580927726, "26": 0.816496580927726, "28": 0.816496580927726, "30": 1.4142135623730951, "32": 0.9428090415820634, "34": 0.816496580927726, "36": 0.4714045207910317, "38": 0.4714045207910317, "40": 0.4714045207910317, "42": 1.247219128924647, "44": 0.4714045207910317, "46": 0.4714045207910317, "48": 0.4714045207910317, "50": 1.247219128924647, "52": 1.247219128924647, "54": 0.4714045207910317, "56": 0.4714045207910317, "58": 0.4714045207910317, "60": 1.8856180831641267, "62": 0.816496580927726, "64": 0.0, "66": 0.816496580927726, "68": 0.4714045207910317, "70": 0.0, "72": 0.9428090415820634, "74": 0.4714045207910317, "76": 1.632993161855452, "78": 1.4142135623730951, "80": 0.4714045207910317, "82": 1.247219128924647, "84": 1.247219128924647, "86": 0.4714045207910317, "88": 0.9428090415820634, "90": 1.699673171197595, "92": 1.247219128924647, "94": 0.816496580927726, "96": 0.4714045207910317, "98": 1.8856180831641267, "100": 1.632993161855452}