{"0": 3.2998316455372216, "2": 2.357022603955158, "4": 3.7416573867739413, "6": 3.858612300930075, "8": 3.2998316455372216, "10": 3.7712361663282534, "12": 3.559026084010437, "14": 3.7712361663282534, "16": 3.858612300930075, "18": 3.559026084010437, "20": 3.7712361663282534, "22": 3.39934634239519, "24": 3.858612300930075, "26": 4.0276819911981905, "28": 3.2998316455372216, "30": 3.858612300930075, "32": 3.0912061651652345, "34": 3.2998316455372216, "36": 2.357022603955158, "38": 1.8856180831641267, "40": 2.6246692913372702, "42": 2.160246899469287, "44": 1.699673171197595, "46": 1.699673171197595, "48": 1.632993161855452, "50": 0.816496580927726, "52": 1.8856180831641267, "54": 1.699673171197595, "56": 0.9428090415820634, "58": 1.247219128924647, "60": 1.699673171197595, "62": 1.247219128924647, "64": 0.4714045207910317, "66": 0.4714045207910317, "68": 1.632993161855452, "70": 1.632993161855452, "72": 0.4714045207910317, "74": 1.699673171197595, "76": 1.699673171197595, "78": 0.816496580927726, "80": 0.816496580927726, "82": 0.4714045207910317, "84": 1.247219128924647, "86": 0.4714045207910317, "88": 1.247219128924647, "90": 1.699673171197595, "92": 1.632993161855452, "94": 0.4714045207910317, "96": 2.0548046676563256, "98": 0.4714045207910317, "100": 1.699673171197595}