{"0": 474.3333333333333, "2": 474.6666666666667, "4": 474.0, "6": 474.6666666666667, "8": 475.3333333333333, "10": 476.0, "12": 475.3333333333333, "14": 476.6666666666667, "16": 477.3333333333333, "18": 476.6666666666667, "20": 477.3333333333333, "22": 477.0, "24": 478.6666666666667, "26": 478.0, "28": 480.0, "30": 482.3333333333333, "32": 489.0, "34": 494.3333333333333, "36": 500.3333333333333, "38": 505.6666666666667, "40": 511.0, "42": 516.0, "44": 521.0, "46": 526.0, "48": 531.3333333333334, "50": 536.6666666666666, "52": 543.0, "54": 547.0, "56": 552.3333333333334, "58": 558.3333333333334, "60": 564.0, "62": 567.6666666666666, "64": 574.0, "66": 578.3333333333334, "68": 582.3333333333334, "70": 588.0, "72": 591.0, "74": 595.6666666666666, "76": 599.0, "78": 602.6666666666666, "80": 604.6666666666666, "82": 606.6666666666666, "84": 609.3333333333334, "86": 609.6666666666666, "88": 611.6666666666666, "90": 614.0, "92": 616.0, "94": 616.6666666666666, "96": 619.3333333333334, "98": 621.6666666666666, "100": 623.0}