{"0": 2.494438257849294, "2": 2.6246692913372702, "4": 2.6246692913372702, "6": 1.247219128924647, "8": 2.6246692913372702, "10": 1.632993161855452, "12": 1.699673171197595, "14": 2.0548046676563256, "16": 1.699673171197595, "18": 1.8856180831641267, "20": 2.160246899469287, "22": 2.0548046676563256, "24": 0.816496580927726, "26": 1.8856180831641267, "28": 2.494438257849294, "30": 2.449489742783178, "32": 1.8856180831641267, "34": 0.816496580927726, "36": 1.247219128924647, "38": 1.247219128924647, "40": 2.0548046676563256, "42": 1.699673171197595, "44": 2.6246692913372702, "46": 0.816496580927726, "48": 1.4142135623730951, "50": 0.4714045207910317, "52": 2.0548046676563256, "54": 1.632993161855452, "56": 0.816496580927726, "58": 2.0548046676563256, "60": 0.9428090415820634, "62": 2.160246899469287, "64": 1.632993161855452, "66": 0.4714045207910317, "68": 1.699673171197595, "70": 0.816496580927726, "72": 1.8856180831641267, "74": 0.4714045207910317, "76": 1.4142135623730951, "78": 0.0, "80": 1.4142135623730951, "82": 1.699673171197595, "84": 0.9428090415820634, "86": 1.247219128924647, "88": 0.816496580927726, "90": 0.9428090415820634, "92": 1.4142135623730951, "94": 0.9428090415820634, "96": 1.699673171197595, "98": 1.247219128924647, "100": 0.816496580927726}