{"0": 0.4714045207910317, "2": 1.247219128924647, "4": 0.4714045207910317, "6": 0.816496580927726, "8": 0.4714045207910317, "10": 0.9428090415820634, "12": 0.4714045207910317, "14": 0.0, "16": 0.9428090415820634, "18": 0.4714045207910317, "20": 0.0, "22": 0.816496580927726, "24": 1.247219128924647, "26": 0.4714045207910317, "28": 0.4714045207910317, "30": 0.9428090415820634, "32": 0.0, "34": 0.816496580927726, "36": 0.4714045207910317, "38": 0.816496580927726, "40": 0.9428090415820634, "42": 0.9428090415820634, "44": 1.8856180831641267, "46": 0.4714045207910317, "48": 0.816496580927726, "50": 1.247219128924647, "52": 0.9428090415820634, "54": 0.816496580927726, "56": 0.9428090415820634, "58": 1.247219128924647, "60": 0.9428090415820634, "62": 1.4142135623730951, "64": 1.632993161855452, "66": 1.247219128924647, "68": 2.160246899469287, "70": 1.247219128924647, "72": 1.699673171197595, "74": 1.247219128924647, "76": 1.699673171197595, "78": 1.699673171197595, "80": 1.247219128924647, "82": 1.699673171197595, "84": 0.0, "86": 0.9428090415820634, "88": 1.247219128924647, "90": 1.632993161855452, "92": 0.9428090415820634, "94": 1.632993161855452, "96": 1.699673171197595, "98": 0.816496580927726, "100": 1.247219128924647}