{"0": 500.6666666666667, "2": 501.3333333333333, "4": 500.3333333333333, "6": 500.3333333333333, "8": 500.3333333333333, "10": 500.0, "12": 500.6666666666667, "14": 500.3333333333333, "16": 500.6666666666667, "18": 501.3333333333333, "20": 500.0, "22": 499.3333333333333, "24": 500.0, "26": 500.3333333333333, "28": 499.6666666666667, "30": 499.0, "32": 500.3333333333333, "34": 499.0, "36": 500.3333333333333, "38": 500.3333333333333, "40": 499.3333333333333, "42": 498.6666666666667, "44": 499.3333333333333, "46": 500.0, "48": 499.0, "50": 500.3333333333333, "52": 498.6666666666667, "54": 499.0, "56": 499.0, "58": 500.3333333333333, "60": 498.3333333333333, "62": 498.0, "64": 499.0, "66": 498.3333333333333, "68": 499.6666666666667, "70": 499.0, "72": 499.3333333333333, "74": 499.3333333333333, "76": 498.0, "78": 499.0, "80": 498.0, "82": 498.3333333333333, "84": 498.6666666666667, "86": 497.6666666666667, "88": 498.0, "90": 498.6666666666667, "92": 499.0, "94": 498.6666666666667, "96": 498.6666666666667, "98": 498.3333333333333, "100": 498.0}