{"0": 479.6666666666667, "2": 480.3333333333333, "4": 479.3333333333333, "6": 480.0, "8": 481.3333333333333, "10": 481.6666666666667, "12": 482.3333333333333, "14": 483.0, "16": 482.6666666666667, "18": 483.3333333333333, "20": 484.0, "22": 483.0, "24": 483.6666666666667, "26": 483.6666666666667, "28": 484.3333333333333, "30": 484.6666666666667, "32": 488.0, "34": 490.0, "36": 496.3333333333333, "38": 502.0, "40": 506.6666666666667, "42": 511.6666666666667, "44": 517.3333333333334, "46": 523.6666666666666, "48": 529.0, "50": 533.6666666666666, "52": 538.3333333333334, "54": 544.0, "56": 549.3333333333334, "58": 554.6666666666666, "60": 558.6666666666666, "62": 563.0, "64": 569.0, "66": 573.6666666666666, "68": 579.0, "70": 583.3333333333334, "72": 587.6666666666666, "74": 592.3333333333334, "76": 594.3333333333334, "78": 598.3333333333334, "80": 601.6666666666666, "82": 605.6666666666666, "84": 607.0, "86": 607.6666666666666, "88": 610.6666666666666, "90": 612.0, "92": 614.6666666666666, "94": 616.0, "96": 617.6666666666666, "98": 620.0, "100": 621.3333333333334}