{"0": 0.4714045207910317, "2": 1.247219128924647, "4": 1.4142135623730951, "6": 0.4714045207910317, "8": 0.4714045207910317, "10": 0.816496580927726, "12": 0.4714045207910317, "14": 0.4714045207910317, "16": 0.4714045207910317, "18": 0.4714045207910317, "20": 0.9428090415820634, "22": 0.816496580927726, "24": 0.4714045207910317, "26": 0.816496580927726, "28": 0.816496580927726, "30": 1.247219128924647, "32": 0.0, "34": 0.4714045207910317, "36": 0.4714045207910317, "38": 1.247219128924647, "40": 0.816496580927726, "42": 0.816496580927726, "44": 1.4142135623730951, "46": 0.816496580927726, "48": 0.4714045207910317, "50": 1.699673171197595, "52": 0.816496580927726, "54": 2.160246899469287, "56": 1.247219128924647, "58": 1.247219128924647, "60": 1.4142135623730951, "62": 1.247219128924647, "64": 0.816496580927726, "66": 1.699673171197595, "68": 1.247219128924647, "70": 1.632993161855452, "72": 0.816496580927726, "74": 2.0548046676563256, "76": 1.4142135623730951, "78": 1.247219128924647, "80": 1.699673171197595, "82": 1.699673171197595, "84": 0.4714045207910317, "86": 0.9428090415820634, "88": 0.4714045207910317, "90": 0.816496580927726, "92": 0.0, "94": 0.4714045207910317, "96": 2.0548046676563256, "98": 1.699673171197595, "100": 1.632993161855452}