{"0": 665.6666666666666, "2": 667.0, "4": 665.3333333333334, "6": 666.6666666666666, "8": 666.0, "10": 665.3333333333334, "12": 665.6666666666666, "14": 666.0, "16": 665.6666666666666, "18": 666.3333333333334, "20": 667.0, "22": 666.6666666666666, "24": 667.0, "26": 667.0, "28": 669.0, "30": 668.0, "32": 668.6666666666666, "34": 670.0, "36": 670.3333333333334, "38": 670.3333333333334, "40": 670.6666666666666, "42": 672.3333333333334, "44": 672.3333333333334, "46": 671.6666666666666, "48": 672.6666666666666, "50": 673.3333333333334, "52": 674.3333333333334, "54": 674.6666666666666, "56": 675.3333333333334, "58": 675.6666666666666, "60": 676.6666666666666, "62": 678.0, "64": 678.0, "66": 679.0, "68": 680.3333333333334, "70": 681.0, "72": 681.6666666666666, "74": 681.6666666666666, "76": 682.0, "78": 683.0, "80": 681.6666666666666, "82": 682.6666666666666, "84": 683.3333333333334, "86": 682.6666666666666, "88": 683.6666666666666, "90": 682.6666666666666, "92": 682.6666666666666, "94": 684.0, "96": 684.3333333333334, "98": 683.6666666666666, "100": 685.0}