{"0": 1.699673171197595, "2": 0.816496580927726, "4": 1.4142135623730951, "6": 1.247219128924647, "8": 0.0, "10": 0.0, "12": 0.0, "14": 0.4714045207910317, "16": 0.0, "18": 0.9428090415820634, "20": 0.816496580927726, "22": 0.4714045207910317, "24": 0.4714045207910317, "26": 0.0, "28": 0.0, "30": 0.4714045207910317, "32": 1.247219128924647, "34": 0.4714045207910317, "36": 0.4714045207910317, "38": 1.247219128924647, "40": 0.4714045207910317, "42": 0.816496580927726, "44": 1.4142135623730951, "46": 0.0, "48": 1.4142135623730951, "50": 0.0, "52": 0.816496580927726, "54": 0.9428090415820634, "56": 1.247219128924647, "58": 0.4714045207910317, "60": 1.247219128924647, "62": 0.0, "64": 0.0, "66": 0.4714045207910317, "68": 0.9428090415820634, "70": 0.9428090415820634, "72": 1.632993161855452, "74": 1.247219128924647, "76": 1.247219128924647, "78": 1.247219128924647, "80": 0.9428090415820634, "82": 1.247219128924647, "84": 0.4714045207910317, "86": 0.4714045207910317, "88": 1.247219128924647, "90": 0.9428090415820634, "92": 0.9428090415820634, "94": 0.4714045207910317, "96": 0.0, "98": 0.9428090415820634, "100": 1.8856180831641267}