{"0": 610.6666666666666, "2": 611.3333333333334, "4": 612.0, "6": 610.3333333333334, "8": 611.6666666666666, "10": 611.3333333333334, "12": 611.0, "14": 611.3333333333334, "16": 612.3333333333334, "18": 611.0, "20": 612.3333333333334, "22": 611.6666666666666, "24": 613.3333333333334, "26": 612.6666666666666, "28": 613.6666666666666, "30": 614.3333333333334, "32": 616.3333333333334, "34": 616.6666666666666, "36": 618.3333333333334, "38": 618.6666666666666, "40": 620.6666666666666, "42": 621.0, "44": 623.3333333333334, "46": 623.3333333333334, "48": 625.0, "50": 626.0, "52": 628.6666666666666, "54": 629.6666666666666, "56": 631.6666666666666, "58": 634.3333333333334, "60": 637.3333333333334, "62": 637.6666666666666, "64": 641.3333333333334, "66": 642.3333333333334, "68": 643.0, "70": 645.0, "72": 644.3333333333334, "74": 646.6666666666666, "76": 647.6666666666666, "78": 649.0, "80": 649.0, "82": 649.3333333333334, "84": 649.3333333333334, "86": 648.3333333333334, "88": 648.6666666666666, "90": 649.3333333333334, "92": 650.0, "94": 649.3333333333334, "96": 649.6666666666666, "98": 651.3333333333334, "100": 651.3333333333334}