{"0": 472.3333333333333, "2": 473.0, "4": 473.0, "6": 472.6666666666667, "8": 474.0, "10": 474.0, "12": 475.0, "14": 474.6666666666667, "16": 475.0, "18": 475.3333333333333, "20": 476.0, "22": 476.6666666666667, "24": 478.3333333333333, "26": 479.0, "28": 481.0, "30": 482.6666666666667, "32": 486.6666666666667, "34": 491.6666666666667, "36": 496.6666666666667, "38": 502.3333333333333, "40": 508.6666666666667, "42": 514.0, "44": 519.0, "46": 524.0, "48": 529.0, "50": 535.0, "52": 540.0, "54": 544.6666666666666, "56": 549.3333333333334, "58": 553.6666666666666, "60": 558.3333333333334, "62": 563.0, "64": 568.0, "66": 572.6666666666666, "68": 578.3333333333334, "70": 581.6666666666666, "72": 587.0, "74": 588.6666666666666, "76": 592.6666666666666, "78": 596.3333333333334, "80": 598.3333333333334, "82": 600.3333333333334, "84": 602.6666666666666, "86": 604.3333333333334, "88": 607.6666666666666, "90": 608.6666666666666, "92": 609.6666666666666, "94": 612.3333333333334, "96": 614.0, "98": 615.3333333333334, "100": 618.3333333333334}