{"0": 0.48989794855663565, "2": 0.4, "4": 0.48989794855663565, "6": 0.48989794855663565, "8": 0.8, "10": 0.48989794855663565, "12": 0.8, "14": 0.9797958971132713, "16": 0.4, "18": 0.7483314773547883, "20": 1.1661903789690602, "22": 1.019803902718557, "24": 0.7483314773547883, "26": 0.9797958971132712, "28": 0.8, "30": 0.7483314773547883, "32": 0.8, "34": 1.3564659966250536, "36": 1.4966629547095764, "38": 0.9797958971132712, "40": 1.019803902718557, "42": 1.4966629547095767, "44": 0.9797958971132712, "46": 1.1661903789690602, "48": 1.0954451150103321, "50": 1.3564659966250536, "52": 1.1661903789690602, "54": 1.5999999999999999, "56": 1.0954451150103321, "58": 0.8, "60": 0.9797958971132713, "62": 1.16619037896906, "64": 0.8, "66": 0.4000000000000001, "68": 0.6324555320336759, "70": 0.7483314773547883, "72": 0.0, "74": 0.8, "76": 0.48989794855663565, "78": 0.48989794855663565, "80": 0.8, "82": 0.8944271909999159, "84": 1.0954451150103321, "86": 0.9797958971132711, "88": 0.6324555320336759, "90": 0.9797958971132711, "92": 0.4000000000000001, "94": 0.4, "96": 0.48989794855663565, "98": 0.7483314773547883, "100": 0.48989794855663565}