{"0": 2.4166091947189146, "2": 2.6076809620810595, "4": 2.0976176963403033, "6": 2.481934729198171, "8": 2.135415650406262, "10": 2.244994432064365, "12": 2.3323807579381204, "14": 2.870540018881465, "16": 2.4, "18": 2.6381811916545836, "20": 2.4979991993593593, "22": 2.6076809620810595, "24": 2.3664319132398464, "26": 1.9390719429665315, "28": 2.4166091947189146, "30": 2.4166091947189146, "32": 2.0591260281974, "34": 1.854723699099141, "36": 1.854723699099141, "38": 1.469693845669907, "40": 1.7204650534085255, "42": 1.9390719429665317, "44": 1.469693845669907, "46": 1.4696938456699067, "48": 1.32664991614216, "50": 1.32664991614216, "52": 1.3564659966250536, "54": 1.6733200530681511, "56": 1.7204650534085255, "58": 1.0954451150103321, "60": 1.4966629547095767, "62": 1.3564659966250538, "64": 1.8973665961010275, "66": 1.6733200530681511, "68": 1.16619037896906, "70": 1.0954451150103321, "72": 1.0198039027185568, "74": 1.0198039027185568, "76": 1.16619037896906, "78": 1.0198039027185568, "80": 0.9797958971132711, "82": 0.6324555320336759, "84": 1.1661903789690602, "86": 1.019803902718557, "88": 0.8, "90": 1.0954451150103321, "92": 0.7483314773547883, "94": 0.9797958971132713, "96": 1.4142135623730951, "98": 0.8944271909999159, "100": 0.48989794855663565}