{"0": 0.4, "2": 0.48989794855663565, "4": 0.48989794855663565, "6": 0.48989794855663565, "8": 0.4, "10": 0.48989794855663565, "12": 0.7483314773547883, "14": 0.48989794855663565, "16": 0.4, "18": 0.48989794855663565, "20": 0.0, "22": 0.6324555320336759, "24": 0.48989794855663565, "26": 1.469693845669907, "28": 0.48989794855663565, "30": 0.4000000000000001, "32": 0.7483314773547883, "34": 0.48989794855663565, "36": 0.7483314773547883, "38": 0.48989794855663565, "40": 0.48989794855663565, "42": 0.8, "44": 0.48989794855663565, "46": 0.6324555320336759, "48": 1.16619037896906, "50": 0.8, "52": 0.6324555320336759, "54": 0.7483314773547883, "56": 0.48989794855663565, "58": 0.4, "60": 0.48989794855663565, "62": 0.8944271909999159, "64": 0.4, "66": 0.6324555320336759, "68": 0.8944271909999159, "70": 0.6324555320336759, "72": 1.019803902718557, "74": 0.7483314773547883, "76": 0.7483314773547883, "78": 1.0954451150103321, "80": 0.6324555320336759, "82": 0.8944271909999159, "84": 1.1661903789690602, "86": 1.469693845669907, "88": 1.3564659966250536, "90": 0.8, "92": 1.1661903789690602, "94": 1.019803902718557, "96": 1.469693845669907, "98": 1.6, "100": 1.5491933384829668}