{"0": 1.3564659966250536, "2": 1.3564659966250538, "4": 1.7204650534085255, "6": 0.48989794855663565, "8": 0.6324555320336759, "10": 1.019803902718557, "12": 1.3266499161421599, "14": 1.0954451150103321, "16": 1.3266499161421599, "18": 1.3564659966250538, "20": 0.8, "22": 0.8, "24": 1.5999999999999999, "26": 1.3564659966250536, "28": 1.469693845669907, "30": 0.8, "32": 1.2, "34": 1.0954451150103321, "36": 1.2, "38": 1.3266499161421599, "40": 1.7204650534085253, "42": 0.7483314773547883, "44": 0.9797958971132713, "46": 0.9797958971132711, "48": 0.6324555320336759, "50": 1.469693845669907, "52": 0.8, "54": 1.0954451150103321, "56": 0.9797958971132713, "58": 1.469693845669907, "60": 1.019803902718557, "62": 0.9797958971132711, "64": 0.8, "66": 0.7483314773547883, "68": 1.3564659966250538, "70": 0.8, "72": 1.4966629547095764, "74": 0.8, "76": 0.8, "78": 1.0954451150103321, "80": 0.8944271909999159, "82": 1.4696938456699067, "84": 1.469693845669907, "86": 0.8, "88": 1.0954451150103321, "90": 1.3564659966250536, "92": 1.2649110640673518, "94": 0.7483314773547883, "96": 0.8, "98": 1.0954451150103321, "100": 1.6}