{"0": 1.3564659966250538, "2": 1.1661903789690602, "4": 1.0198039027185568, "6": 0.9797958971132713, "8": 0.6324555320336759, "10": 0.7483314773547883, "12": 0.6324555320336759, "14": 0.7483314773547883, "16": 1.019803902718557, "18": 0.8, "20": 0.4, "22": 0.7483314773547883, "24": 0.4000000000000001, "26": 0.48989794855663565, "28": 0.8, "30": 0.4000000000000001, "32": 0.4, "34": 0.4, "36": 0.7483314773547883, "38": 0.4000000000000001, "40": 0.48989794855663565, "42": 0.4, "44": 0.6324555320336759, "46": 0.48989794855663565, "48": 1.1661903789690602, "50": 1.0198039027185568, "52": 0.7483314773547883, "54": 0.48989794855663565, "56": 0.8, "58": 0.7483314773547883, "60": 0.4, "62": 0.8, "64": 1.019803902718557, "66": 0.6324555320336759, "68": 0.7483314773547883, "70": 0.7483314773547883, "72": 0.7483314773547883, "74": 0.48989794855663565, "76": 0.7483314773547883, "78": 0.7483314773547883, "80": 0.4, "82": 0.8, "84": 0.4000000000000001, "86": 0.48989794855663565, "88": 0.48989794855663565, "90": 0.7483314773547883, "92": 0.9797958971132713, "94": 0.0, "96": 0.48989794855663565, "98": 0.4, "100": 1.019803902718557}