{"0": 0.48989794855663565, "2": 0.48989794855663565, "4": 0.48989794855663565, "6": 0.4, "8": 0.4, "10": 0.4, "12": 0.48989794855663565, "14": 0.4, "16": 0.7483314773547883, "18": 0.4, "20": 0.6324555320336759, "22": 0.8, "24": 0.4, "26": 0.48989794855663565, "28": 0.48989794855663565, "30": 0.0, "32": 0.6324555320336759, "34": 0.4000000000000001, "36": 0.4, "38": 0.0, "40": 1.019803902718557, "42": 0.8, "44": 0.6324555320336759, "46": 0.48989794855663565, "48": 0.9797958971132713, "50": 0.48989794855663565, "52": 0.4000000000000001, "54": 0.7483314773547883, "56": 0.8, "58": 0.7483314773547883, "60": 1.019803902718557, "62": 0.7483314773547883, "64": 0.6324555320336759, "66": 0.7483314773547883, "68": 0.48989794855663565, "70": 0.8, "72": 0.7483314773547883, "74": 0.8, "76": 0.9797958971132712, "78": 1.16619037896906, "80": 0.48989794855663565, "82": 1.469693845669907, "84": 1.2649110640673518, "86": 1.3564659966250538, "88": 1.3564659966250536, "90": 0.6324555320336759, "92": 0.48989794855663565, "94": 0.8944271909999159, "96": 0.8944271909999159, "98": 0.48989794855663565, "100": 0.7483314773547883}