{"0": 4.079215610874228, "2": 5.748043145279966, "4": 4.127953488110059, "6": 3.919183588453085, "8": 3.8157568056677826, "10": 3.5777087639996634, "12": 3.847076812334269, "14": 3.4409301068170506, "16": 3.9698866482558413, "18": 3.5440090293338695, "20": 3.5440090293338695, "22": 1.7204650534085253, "24": 0.7483314773547883, "26": 1.4142135623730951, "28": 1.7435595774162695, "30": 2.8000000000000003, "32": 4.758150901348127, "34": 5.549774770204643, "36": 7.0710678118654755, "38": 3.7735924528226414, "40": 1.469693845669907, "42": 1.1661903789690602, "44": 1.019803902718557, "46": 1.8330302779823362, "48": 1.4696938456699067, "50": 1.0954451150103321, "52": 1.4966629547095764, "54": 1.7204650534085255, "56": 1.7204650534085253, "58": 1.2, "60": 1.3564659966250536, "62": 1.3564659966250536, "64": 0.9797958971132712, "66": 1.469693845669907, "68": 0.9797958971132712, "70": 0.9797958971132712, "72": 1.0954451150103321, "74": 1.3564659966250536, "76": 1.4966629547095767, "78": 1.0954451150103321, "80": 0.7483314773547883, "82": 0.7483314773547883, "84": 1.019803902718557, "86": 0.6324555320336759, "88": 0.9797958971132713, "90": 1.1661903789690602, "92": 1.3266499161421599, "94": 1.019803902718557, "96": 0.8, "98": 0.8, "100": 1.3564659966250536}