{"0": 0.0, "2": 0.6324555320336759, "4": 0.48989794855663565, "6": 0.48989794855663565, "8": 0.4, "10": 0.6324555320336759, "12": 0.8, "14": 0.6324555320336759, "16": 0.4, "18": 0.0, "20": 0.4, "22": 0.48989794855663565, "24": 0.4, "26": 0.4, "28": 0.48989794855663565, "30": 0.0, "32": 0.4, "34": 0.7483314773547883, "36": 0.6324555320336759, "38": 0.6324555320336759, "40": 0.4, "42": 0.6324555320336759, "44": 1.019803902718557, "46": 0.8, "48": 0.6324555320336759, "50": 0.8, "52": 0.4, "54": 0.48989794855663565, "56": 0.48989794855663565, "58": 0.8, "60": 0.0, "62": 0.4, "64": 0.0, "66": 0.4, "68": 0.6324555320336759, "70": 0.4000000000000001, "72": 0.7483314773547883, "74": 0.4000000000000001, "76": 0.48989794855663565, "78": 0.7483314773547883, "80": 0.7483314773547883, "82": 0.6324555320336759, "84": 0.8, "86": 0.48989794855663565, "88": 1.1661903789690602, "90": 0.48989794855663565, "92": 1.0954451150103321, "94": 0.8, "96": 0.48989794855663565, "98": 1.1661903789690602, "100": 0.7483314773547883}