{"0": 0.48989794855663565, "2": 0.9797958971132713, "4": 0.7483314773547883, "6": 0.7483314773547883, "8": 0.6324555320336759, "10": 0.8, "12": 0.6324555320336759, "14": 0.9797958971132713, "16": 1.3564659966250538, "18": 1.5491933384829668, "20": 2.0, "22": 2.0976176963403033, "24": 2.925747767665559, "26": 2.3323807579381204, "28": 2.0, "30": 2.135415650406262, "32": 1.4966629547095764, "34": 1.469693845669907, "36": 0.7483314773547883, "38": 0.48989794855663565, "40": 0.7483314773547883, "42": 0.7483314773547883, "44": 0.7483314773547883, "46": 0.48989794855663565, "48": 1.16619037896906, "50": 0.48989794855663565, "52": 0.48989794855663565, "54": 0.6324555320336759, "56": 0.7483314773547883, "58": 0.48989794855663565, "60": 0.8, "62": 1.16619037896906, "64": 0.48989794855663565, "66": 0.48989794855663565, "68": 0.48989794855663565, "70": 0.7483314773547883, "72": 0.7483314773547883, "74": 1.019803902718557, "76": 0.8, "78": 1.16619037896906, "80": 1.16619037896906, "82": 1.3564659966250536, "84": 1.9390719429665315, "86": 1.4696938456699067, "88": 1.4966629547095764, "90": 1.1661903789690602, "92": 1.5491933384829668, "94": 1.16619037896906, "96": 0.6324555320336759, "98": 0.8, "100": 0.8}