{"0": 0.7483314773547883, "2": 0.6324555320336759, "4": 0.8, "6": 0.48989794855663565, "8": 0.48989794855663565, "10": 0.8, "12": 1.0198039027185568, "14": 6.529931086925802, "16": 3.1874754901018454, "18": 2.244994432064365, "20": 2.7129319932501073, "22": 3.124099870362662, "24": 4.049691346263317, "26": 4.049691346263317, "28": 3.7735924528226414, "30": 3.5440090293338704, "32": 2.4166091947189146, "34": 2.7856776554368237, "36": 1.3564659966250538, "38": 0.7483314773547883, "40": 0.4, "42": 0.8, "44": 0.48989794855663565, "46": 1.0198039027185568, "48": 1.32664991614216, "50": 1.0198039027185568, "52": 1.0198039027185568, "54": 1.2, "56": 1.0198039027185568, "58": 1.32664991614216, "60": 1.9595917942265426, "62": 1.4696938456699067, "64": 1.2649110640673518, "66": 1.019803902718557, "68": 0.8, "70": 0.48989794855663565, "72": 1.16619037896906, "74": 0.7483314773547883, "76": 1.32664991614216, "78": 1.3266499161421599, "80": 1.3564659966250536, "82": 1.6, "84": 1.3564659966250536, "86": 1.0954451150103321, "88": 1.3564659966250536, "90": 1.5491933384829668, "92": 1.7204650534085255, "94": 1.5491933384829668, "96": 1.7204650534085255, "98": 1.16619037896906, "100": 1.9390719429665317}