{"0": 1.6733200530681511, "2": 1.5491933384829668, "4": 1.2, "6": 1.1661903789690602, "8": 0.8, "10": 1.0954451150103321, "12": 0.4, "14": 0.8, "16": 1.1661903789690602, "18": 1.4966629547095764, "20": 1.0954451150103321, "22": 2.0976176963403033, "24": 1.32664991614216, "26": 1.7204650534085255, "28": 2.4, "30": 2.4, "32": 3.2619012860600183, "34": 4.1182520563948, "36": 4.223742416388575, "38": 4.223742416388575, "40": 4.560701700396552, "42": 4.0, "44": 4.560701700396552, "46": 3.9191835884530852, "48": 3.2619012860600183, "50": 3.9191835884530852, "52": 2.939387691339814, "54": 2.4979991993593593, "56": 2.5612496949731396, "58": 2.2271057451320084, "60": 1.8547236990991407, "62": 1.6, "64": 1.5999999999999999, "66": 1.16619037896906, "68": 1.16619037896906, "70": 1.019803902718557, "72": 1.0198039027185568, "74": 0.48989794855663565, "76": 1.019803902718557, "78": 1.16619037896906, "80": 1.1661903789690602, "82": 1.0198039027185568, "84": 0.6324555320336759, "86": 0.9797958971132711, "88": 0.4000000000000001, "90": 0.7483314773547883, "92": 0.0, "94": 1.019803902718557, "96": 0.7483314773547883, "98": 0.7483314773547883, "100": 1.6733200530681511}