{"0": 0.48989794855663565, "2": 0.48989794855663565, "4": 0.6324555320336759, "6": 0.4, "8": 0.8, "10": 0.7483314773547883, "12": 0.6324555320336759, "14": 0.48989794855663565, "16": 0.48989794855663565, "18": 0.6324555320336759, "20": 1.0954451150103321, "22": 0.48989794855663565, "24": 0.8944271909999159, "26": 0.4000000000000001, "28": 0.48989794855663565, "30": 0.8, "32": 0.6324555320336759, "34": 0.7483314773547883, "36": 0.48989794855663565, "38": 0.6324555320336759, "40": 0.9797958971132713, "42": 1.019803902718557, "44": 0.7483314773547883, "46": 1.019803902718557, "48": 1.3564659966250536, "50": 1.4966629547095767, "52": 1.1661903789690602, "54": 1.019803902718557, "56": 1.1661903789690602, "58": 1.8547236990991407, "60": 1.2649110640673518, "62": 1.3564659966250538, "64": 0.7483314773547883, "66": 1.6, "68": 1.4966629547095764, "70": 1.3266499161421599, "72": 2.2271057451320084, "74": 1.3564659966250536, "76": 1.854723699099141, "78": 2.0591260281974, "80": 1.4142135623730951, "82": 1.0954451150103321, "84": 1.3564659966250538, "86": 0.8, "88": 1.8547236990991407, "90": 1.0954451150103321, "92": 0.9797958971132712, "94": 1.4142135623730951, "96": 1.019803902718557, "98": 1.2649110640673518, "100": 0.6324555320336759}