{"0": 13.047605144240071, "2": 13.257450735341237, "4": 13.46996659238619, "6": 12.84678948220138, "8": 11.906300852909771, "10": 14.01427843308388, "12": 13.032267646115928, "14": 13.46996659238619, "16": 11.15347479487895, "18": 13.184839779079606, "20": 9.368030742904295, "22": 9.624967532412771, "24": 7.96492310069595, "26": 5.775811631277461, "28": 1.9390719429665315, "30": 14.587666023048376, "32": 14.7648230602334, "34": 10.781465577554842, "36": 7.520638270785266, "38": 0.8, "40": 5.418486873657627, "42": 17.325126262166172, "44": 17.158088471621774, "46": 16.75708805252273, "48": 17.12775525280531, "50": 17.35511451993331, "52": 18.36300628982085, "54": 3.8262252939417984, "56": 3.3823069050575527, "58": 3.6660605559646724, "60": 3.6551333764994136, "62": 3.3823069050575527, "64": 3.5777087639996634, "66": 3.2619012860600183, "68": 3.6551333764994136, "70": 3.2619012860600183, "72": 3.124099870362662, "74": 3.32264954516723, "76": 3.762977544445356, "78": 3.4985711369071804, "80": 2.9933259094191533, "82": 3.187475490101846, "84": 2.3323807579381204, "86": 2.8000000000000003, "88": 3.9293765408777004, "90": 3.187475490101846, "92": 3.2619012860600183, "94": 3.124099870362662, "96": 3.03315017762062, "98": 3.3823069050575527, "100": 3.1622776601683795}