{"0": 0.4, "2": 0.48989794855663565, "4": 0.4, "6": 0.0, "8": 0.7483314773547883, "10": 0.48989794855663565, "12": 0.7483314773547882, "14": 1.0198039027185568, "16": 1.0198039027185568, "18": 0.4, "20": 0.8944271909999159, "22": 0.4000000000000001, "24": 0.7483314773547883, "26": 0.4, "28": 0.6324555320336759, "30": 0.4, "32": 0.7483314773547883, "34": 1.1661903789690602, "36": 0.8, "38": 0.7483314773547883, "40": 0.9797958971132713, "42": 0.7999999999999999, "44": 0.6324555320336759, "46": 0.8944271909999159, "48": 1.019803902718557, "50": 1.1661903789690602, "52": 0.8, "54": 1.1661903789690602, "56": 0.48989794855663565, "58": 0.9797958971132712, "60": 0.9797958971132711, "62": 0.48989794855663565, "64": 1.019803902718557, "66": 0.7483314773547883, "68": 1.3564659966250538, "70": 0.7483314773547883, "72": 1.0954451150103321, "74": 0.7483314773547883, "76": 0.7483314773547883, "78": 0.4, "80": 0.6324555320336759, "82": 0.7483314773547883, "84": 0.9797958971132712, "86": 0.7483314773547883, "88": 1.019803902718557, "90": 0.6324555320336759, "92": 0.8, "94": 1.0198039027185568, "96": 0.6324555320336759, "98": 0.7483314773547883, "100": 0.4}