{"0": 13.92264342716569, "2": 16.304600577751053, "4": 14.037093716293269, "6": 6.584831053261731, "8": 7.874007874011811, "10": 7.49933330370107, "12": 13.16662447250623, "14": 9.273618495495704, "16": 14.042791745233567, "18": 14.184498581197715, "20": 8.328265125462805, "22": 11.443775600735973, "24": 22.3194982022446, "26": 24.058262613912916, "28": 20.50755958177374, "30": 19.6468827043885, "32": 23.87969849055888, "34": 13.347658970770867, "36": 32.22669700729505, "38": 14.105318146004363, "40": 24.74994949489796, "42": 9.879271228182775, "44": 4.2708313008125245, "46": 5.0990195135927845, "48": 5.642694391866353, "50": 4.409081537009721, "52": 12.467557900406959, "54": 5.6780278266313555, "56": 4.223742416388575, "58": 6.3118935352238, "60": 1.6733200530681511, "62": 5.89915248150105, "64": 16.70209567689037, "66": 2.7856776554368237, "68": 8.726969691708572, "70": 7.88416133777081, "72": 0.9797958971132713, "74": 22.1033934046336, "76": 4.049691346263317, "78": 22.807016464237492, "80": 15.104966070799364, "82": 13.242356285797477, "84": 14.677874505527019, "86": 12.569805089976535, "88": 3.0724582991474434, "90": 0.48989794855663565, "92": 4.560701700396552, "94": 10.334408546211051, "96": 1.2, "98": 8.94427190999916, "100": 1.469693845669907}