{"0": 8.565045242145542, "2": 7.042726744663604, "4": 5.607138307550474, "6": 8.133879763065101, "8": 4.48998886412873, "10": 4.664761515876241, "12": 8.17312669668102, "14": 5.059644256269407, "16": 4.17612260356422, "18": 2.7129319932501073, "20": 3.5777087639996634, "22": 1.3564659966250538, "24": 3.63318042491699, "26": 4.127953488110059, "28": 4.621688003316537, "30": 1.2649110640673518, "32": 1.9390719429665315, "34": 2.7129319932501077, "36": 3.5440090293338704, "38": 4.48998886412873, "40": 9.682974749528164, "42": 10.071742649611336, "44": 11.081516141756055, "46": 10.186265262597475, "48": 11.271202242884296, "50": 5.314132102234569, "52": 4.317406628984581, "54": 3.919183588453085, "56": 4.586937976471886, "58": 5.30659966456864, "60": 4.354308211415448, "62": 5.844655678480984, "64": 4.758150901348127, "66": 3.8987177379235853, "68": 4.923413450036469, "70": 4.166533331199932, "72": 4.621688003316537, "74": 3.4985711369071804, "76": 4.2708313008125245, "78": 5.114684741017769, "80": 5.215361924162119, "82": 5.192301994298868, "84": 5.4258639865002145, "86": 4.707440918375928, "88": 5.314132102234569, "90": 5.885575587824864, "92": 5.230678732248808, "94": 4.48998886412873, "96": 4.560701700396552, "98": 4.841487374764082, "100": 5.0039984012787215}