{"0": 1.3564659966250536, "2": 1.7435595774162695, "4": 1.5491933384829668, "6": 1.469693845669907, "8": 1.32664991614216, "10": 1.019803902718557, "12": 1.3564659966250536, "14": 1.0954451150103321, "16": 1.3564659966250538, "18": 0.4, "20": 0.7483314773547882, "22": 0.9797958971132712, "24": 0.48989794855663565, "26": 1.32664991614216, "28": 1.2649110640673518, "30": 1.2, "32": 0.7483314773547882, "34": 0.7483314773547883, "36": 0.8, "38": 1.019803902718557, "40": 0.9797958971132713, "42": 1.2, "44": 0.48989794855663565, "46": 1.019803902718557, "48": 0.4, "50": 0.4, "52": 0.8, "54": 0.48989794855663565, "56": 0.48989794855663565, "58": 0.8944271909999159, "60": 0.8944271909999159, "62": 0.6324555320336759, "64": 0.8, "66": 0.6324555320336759, "68": 0.7483314773547883, "70": 0.8, "72": 0.9797958971132712, "74": 0.48989794855663565, "76": 0.7483314773547883, "78": 0.48989794855663565, "80": 1.32664991614216, "82": 0.7483314773547883, "84": 0.6324555320336759, "86": 0.8944271909999159, "88": 0.7483314773547883, "90": 0.7483314773547882, "92": 0.8944271909999159, "94": 0.48989794855663565, "96": 0.7483314773547882, "98": 0.6324555320336759, "100": 0.48989794855663565}