{"0": 0.6324555320336759, "2": 0.4, "4": 0.48989794855663565, "6": 0.9797958971132713, "8": 1.019803902718557, "10": 0.6324555320336759, "12": 0.9797958971132713, "14": 0.8, "16": 1.5491933384829668, "18": 1.019803902718557, "20": 1.019803902718557, "22": 1.0954451150103321, "24": 1.469693845669907, "26": 0.7483314773547883, "28": 0.9797958971132713, "30": 1.3266499161421599, "32": 1.0954451150103321, "34": 1.4142135623730951, "36": 16.918628786045282, "38": 7.984985911070852, "40": 8.518215775618742, "42": 2.9933259094191533, "44": 1.7204650534085253, "46": 0.4, "48": 8.01498596380555, "50": 7.4404300950953095, "52": 9.979979959899719, "54": 8.207313811473277, "56": 8.78635305459552, "58": 8.294576541331088, "60": 11.124747188138704, "62": 7.657675887630658, "64": 1.6733200530681511, "66": 0.9797958971132712, "68": 7.626270385975047, "70": 2.5298221281347035, "72": 6.280127387243032, "74": 6.374950980203691, "76": 3.4871191548325386, "78": 3.794733192202055, "80": 3.8781438859330635, "82": 2.925747767665559, "84": 2.9933259094191533, "86": 2.638181191654584, "88": 13.365627557282897, "90": 7.293833011524188, "92": 14.277254638059796, "94": 1.3564659966250536, "96": 1.019803902718557, "98": 6.019966777316964, "100": 1.9390719429665315}