{"0": 1.16619037896906, "2": 1.4966629547095767, "4": 1.0954451150103321, "6": 1.0198039027185568, "8": 1.3564659966250538, "10": 0.8944271909999159, "12": 1.5999999999999999, "14": 1.019803902718557, "16": 0.8, "18": 1.32664991614216, "20": 1.2, "22": 1.1661903789690602, "24": 1.7204650534085253, "26": 1.6733200530681511, "28": 1.4142135623730951, "30": 1.7204650534085253, "32": 1.0954451150103321, "34": 2.244994432064365, "36": 2.315167380558045, "38": 1.9390719429665315, "40": 2.481934729198171, "42": 2.6076809620810595, "44": 1.2, "46": 1.0198039027185568, "48": 1.0954451150103321, "50": 1.0198039027185568, "52": 0.7483314773547883, "54": 0.7483314773547883, "56": 1.1661903789690602, "58": 1.1661903789690602, "60": 0.4, "62": 0.8, "64": 0.8944271909999159, "66": 0.8, "68": 0.9797958971132713, "70": 0.8944271909999159, "72": 0.48989794855663565, "74": 0.48989794855663565, "76": 0.48989794855663565, "78": 0.8944271909999159, "80": 0.4000000000000001, "82": 0.8, "84": 0.4, "86": 0.8, "88": 1.0198039027185568, "90": 0.8, "92": 0.8944271909999159, "94": 0.9797958971132712, "96": 0.48989794855663565, "98": 0.6324555320336759, "100": 0.8}