{"0": 0.8, "2": 0.9797958971132712, "4": 3.32264954516723, "6": 2.1354156504062622, "8": 1.4142135623730951, "10": 1.9390719429665315, "12": 2.6381811916545836, "14": 3.0594117081556713, "16": 1.7888543819998317, "18": 7.364781055808787, "20": 1.9595917942265426, "22": 12.289833196589774, "24": 14.20422472365176, "26": 12.505998560690786, "28": 6.615134163416491, "30": 7.337574531137656, "32": 1.4966629547095767, "34": 5.192301994298868, "36": 0.4, "38": 0.48989794855663565, "40": 1.6, "42": 13.614697940094006, "44": 1.854723699099141, "46": 14.008568806269967, "48": 2.0591260281974, "50": 6.11228271597445, "52": 7.0710678118654755, "54": 2.8000000000000003, "56": 6.079473661428265, "58": 2.0976176963403033, "60": 1.469693845669907, "62": 0.8, "64": 0.9797958971132711, "66": 3.03315017762062, "68": 0.8944271909999159, "70": 5.019960159204453, "72": 3.2619012860600183, "74": 0.6324555320336759, "76": 1.0198039027185568, "78": 1.0198039027185568, "80": 2.0976176963403033, "82": 3.1240998703626617, "84": 5.635601121442148, "86": 1.8547236990991407, "88": 3.3704599092705436, "90": 0.48989794855663565, "92": 0.7483314773547883, "94": 1.2649110640673518, "96": 0.48989794855663565, "98": 0.9797958971132712, "100": 0.8}