{"0": 21.84124538573751, "2": 22.861321046693693, "4": 22.843817544359784, "6": 23.45548976252681, "8": 25.482543044209695, "10": 9.620810776644555, "12": 27.251421981247145, "14": 17.463103962354456, "16": 2.0591260281974, "18": 9.024411338142782, "20": 2.756809750418044, "22": 13.151425778218876, "24": 13.038404810405298, "26": 12.83744522870497, "28": 10.3072789813801, "30": 15.90723106011854, "32": 21.039011383617815, "34": 10.248902380255165, "36": 11.754148203932091, "38": 12.273548794053006, "40": 10.870142593360953, "42": 8.845337754998392, "44": 4.029888335921977, "46": 4.354308211415448, "48": 6.343500610861482, "50": 7.899367063252599, "52": 7.64198926981712, "54": 7.282856582413249, "56": 7.95989949685296, "58": 8.207313811473277, "60": 7.683749084919418, "62": 7.709734106958552, "64": 3.1622776601683795, "66": 2.5298221281347035, "68": 3.286335345030997, "70": 3.8781438859330635, "72": 3.8987177379235853, "74": 4.534313619501853, "76": 6.144916598294887, "78": 6.019966777316964, "80": 5.817215828899594, "82": 4.857983120596447, "84": 5.083306010855534, "86": 5.019960159204453, "88": 5.0039984012787215, "90": 4.715930449020639, "92": 4.363484845854286, "94": 5.30659966456864, "96": 5.238320341483518, "98": 5.075431016179809, "100": 4.707440918375928}