{"0": 1.2, "2": 0.9797958971132713, "4": 1.0198039027185568, "6": 1.0198039027185568, "8": 1.0954451150103321, "10": 1.7204650534085255, "12": 1.3564659966250536, "14": 1.2, "16": 1.6, "18": 0.6324555320336759, "20": 1.0954451150103321, "22": 0.9797958971132712, "24": 0.48989794855663565, "26": 0.6324555320336759, "28": 0.9797958971132711, "30": 0.48989794855663565, "32": 0.6324555320336759, "34": 1.32664991614216, "36": 0.8, "38": 0.9797958971132713, "40": 0.8, "42": 0.8, "44": 0.6324555320336759, "46": 1.1661903789690602, "48": 0.6324555320336759, "50": 0.7483314773547883, "52": 1.4696938456699067, "54": 0.7483314773547883, "56": 1.3564659966250538, "58": 0.7483314773547883, "60": 0.7483314773547883, "62": 0.8, "64": 1.0954451150103321, "66": 0.8944271909999159, "68": 1.16619037896906, "70": 0.7483314773547883, "72": 0.8944271909999159, "74": 0.9797958971132712, "76": 1.469693845669907, "78": 0.7483314773547883, "80": 0.8944271909999159, "82": 0.8, "84": 0.48989794855663565, "86": 1.0954451150103321, "88": 1.0198039027185568, "90": 1.0198039027185568, "92": 0.8, "94": 0.48989794855663565, "96": 0.7483314773547883, "98": 1.1661903789690602, "100": 1.019803902718557}