{"0": 0.48989794855663565, "2": 0.4, "4": 0.48989794855663565, "6": 0.7483314773547883, "8": 3.249615361854384, "10": 1.6733200530681511, "12": 1.16619037896906, "14": 4.1182520563948, "16": 0.9797958971132712, "18": 0.4, "20": 0.7483314773547883, "22": 0.48989794855663565, "24": 0.48989794855663565, "26": 8.024961059095553, "28": 0.4, "30": 0.48989794855663565, "32": 0.7483314773547883, "34": 1.469693845669907, "36": 1.019803902718557, "38": 0.8944271909999159, "40": 9.810198774744576, "42": 2.870540018881465, "44": 1.7204650534085255, "46": 0.8, "48": 3.8262252939417984, "50": 2.039607805437114, "52": 1.9595917942265424, "54": 1.0954451150103321, "56": 1.4966629547095767, "58": 4.791659420284375, "60": 1.9595917942265424, "62": 0.7483314773547883, "64": 1.2, "66": 1.624807680927192, "68": 1.019803902718557, "70": 5.0990195135927845, "72": 1.019803902718557, "74": 2.4, "76": 0.48989794855663565, "78": 1.4966629547095764, "80": 7.787168933572714, "82": 1.7888543819998317, "84": 1.7204650534085253, "86": 1.7435595774162693, "88": 3.1874754901018454, "90": 8.930845424706442, "92": 2.65329983228432, "94": 4.955804677345547, "96": 4.17612260356422, "98": 5.403702434442518, "100": 6.881860213634101}