{"0": 0.4, "2": 0.48989794855663565, "4": 0.48989794855663565, "6": 0.48989794855663565, "8": 0.48989794855663565, "10": 0.4, "12": 0.0, "14": 0.4, "16": 0.48989794855663565, "18": 0.48989794855663565, "20": 0.7483314773547883, "22": 0.4, "24": 0.48989794855663565, "26": 0.4, "28": 0.8, "30": 0.8, "32": 0.8, "34": 0.4, "36": 0.48989794855663565, "38": 0.4000000000000001, "40": 0.7483314773547883, "42": 0.4000000000000001, "44": 0.7483314773547883, "46": 0.6324555320336759, "48": 0.4, "50": 0.7483314773547883, "52": 0.48989794855663565, "54": 0.48989794855663565, "56": 0.48989794855663565, "58": 0.4, "60": 0.6324555320336759, "62": 0.48989794855663565, "64": 0.9797958971132711, "66": 0.7483314773547883, "68": 0.6324555320336759, "70": 0.8944271909999159, "72": 0.48989794855663565, "74": 0.8944271909999159, "76": 0.48989794855663565, "78": 0.48989794855663565, "80": 0.48989794855663565, "82": 0.7483314773547883, "84": 0.0, "86": 0.7483314773547883, "88": 0.48989794855663565, "90": 0.4, "92": 0.4000000000000001, "94": 0.6324555320336759, "96": 0.4, "98": 0.0, "100": 0.48989794855663565}