{"0": 0.8, "2": 0.7483314773547883, "4": 0.8, "6": 0.4000000000000001, "8": 0.8, "10": 0.8944271909999159, "12": 0.9797958971132711, "14": 0.7483314773547883, "16": 0.8, "18": 1.0198039027185568, "20": 1.0198039027185568, "22": 0.6324555320336759, "24": 0.9797958971132712, "26": 0.8944271909999159, "28": 1.1661903789690602, "30": 1.019803902718557, "32": 1.0954451150103321, "34": 0.9797958971132713, "36": 1.0198039027185568, "38": 0.8, "40": 1.0198039027185568, "42": 1.3564659966250538, "44": 1.0198039027185568, "46": 1.0198039027185568, "48": 1.469693845669907, "50": 0.48989794855663565, "52": 0.9797958971132713, "54": 1.4966629547095767, "56": 0.8, "58": 0.8, "60": 0.8, "62": 0.8, "64": 0.8, "66": 1.0954451150103321, "68": 0.7483314773547883, "70": 0.7483314773547883, "72": 0.8, "74": 0.8, "76": 0.7483314773547883, "78": 1.019803902718557, "80": 1.0198039027185568, "82": 0.9797958971132711, "84": 0.48989794855663565, "86": 1.0198039027185568, "88": 0.48989794855663565, "90": 1.4966629547095767, "92": 0.8, "94": 0.7483314773547883, "96": 1.4966629547095767, "98": 1.019803902718557, "100": 0.7483314773547883}