{"0": 0.48989794855663565, "2": 0.4, "4": 0.48989794855663565, "6": 0.48989794855663565, "8": 0.4, "10": 0.7483314773547882, "12": 0.48989794855663565, "14": 0.48989794855663565, "16": 0.0, "18": 0.4, "20": 0.48989794855663565, "22": 0.48989794855663565, "24": 0.48989794855663565, "26": 0.48989794855663565, "28": 0.6324555320336759, "30": 0.4, "32": 0.48989794855663565, "34": 0.0, "36": 0.0, "38": 0.6324555320336759, "40": 0.0, "42": 0.6324555320336759, "44": 0.7483314773547883, "46": 0.0, "48": 0.48989794855663565, "50": 0.48989794855663565, "52": 0.6324555320336759, "54": 0.4, "56": 0.48989794855663565, "58": 0.4, "60": 0.0, "62": 0.7483314773547883, "64": 0.7483314773547882, "66": 0.8944271909999159, "68": 0.48989794855663565, "70": 0.4, "72": 0.4, "74": 0.48989794855663565, "76": 0.6324555320336759, "78": 0.0, "80": 0.4, "82": 0.4, "84": 0.4, "86": 0.4, "88": 0.4, "90": 0.48989794855663565, "92": 0.4, "94": 0.4, "96": 0.4, "98": 0.7483314773547882, "100": 0.6324555320336759}