{"0": 1.9390719429665317, "2": 2.1354156504062622, "4": 1.9390719429665317, "6": 1.9390719429665317, "8": 1.9390719429665317, "10": 2.5298221281347035, "12": 3.3823069050575527, "14": 3.6551333764994136, "16": 3.8262252939417984, "18": 4.1182520563948, "20": 4.049691346263317, "22": 4.409081537009721, "24": 4.223742416388575, "26": 4.841487374764082, "28": 4.715930449020639, "30": 4.841487374764082, "32": 4.841487374764082, "34": 5.713142742834279, "36": 5.748043145279964, "38": 6.099180272790763, "40": 6.0332412515993425, "42": 5.713142742834279, "44": 5.946427498927402, "46": 5.3516352641038605, "48": 4.317406628984581, "50": 4.049691346263317, "52": 3.32264954516723, "54": 3.32264954516723, "56": 2.925747767665559, "58": 2.8000000000000003, "60": 2.135415650406262, "62": 1.3564659966250536, "64": 1.2, "66": 1.3564659966250538, "68": 1.019803902718557, "70": 0.7483314773547883, "72": 0.48989794855663565, "74": 0.48989794855663565, "76": 0.6324555320336759, "78": 0.48989794855663565, "80": 0.7483314773547883, "82": 0.48989794855663565, "84": 0.48989794855663565, "86": 0.48989794855663565, "88": 0.8, "90": 0.4000000000000001, "92": 0.7483314773547883, "94": 0.48989794855663565, "96": 0.4000000000000001, "98": 0.7483314773547883, "100": 0.4}