{"0": 0.48989794855663565, "2": 0.48989794855663565, "4": 0.4, "6": 0.7483314773547882, "8": 0.8, "10": 0.4, "12": 0.48989794855663565, "14": 0.6324555320336759, "16": 0.48989794855663565, "18": 0.48989794855663565, "20": 0.4, "22": 0.48989794855663565, "24": 0.48989794855663565, "26": 0.48989794855663565, "28": 0.4000000000000001, "30": 0.0, "32": 0.48989794855663565, "34": 0.8944271909999159, "36": 0.48989794855663565, "38": 0.6324555320336759, "40": 0.48989794855663565, "42": 0.48989794855663565, "44": 0.4, "46": 0.4000000000000001, "48": 0.48989794855663565, "50": 0.4, "52": 0.4, "54": 0.48989794855663565, "56": 0.4000000000000001, "58": 0.7483314773547883, "60": 0.48989794855663565, "62": 1.019803902718557, "64": 0.7483314773547883, "66": 0.8, "68": 0.9797958971132711, "70": 0.4, "72": 0.48989794855663565, "74": 1.1661903789690602, "76": 0.7483314773547883, "78": 0.7483314773547883, "80": 0.6324555320336759, "82": 0.7483314773547883, "84": 0.7483314773547883, "86": 0.9797958971132712, "88": 0.7483314773547883, "90": 1.019803902718557, "92": 0.9797958971132712, "94": 0.8944271909999159, "96": 0.7483314773547883, "98": 0.48989794855663565, "100": 0.4000000000000001}