{"0": 0.8, "2": 0.4, "4": 0.48989794855663565, "6": 0.48989794855663565, "8": 0.4, "10": 0.7483314773547883, "12": 0.4, "14": 0.48989794855663565, "16": 0.48989794855663565, "18": 0.4, "20": 0.48989794855663565, "22": 0.48989794855663565, "24": 0.8, "26": 0.48989794855663565, "28": 0.48989794855663565, "30": 0.4000000000000001, "32": 0.4000000000000001, "34": 0.4000000000000001, "36": 0.4, "38": 0.6324555320336759, "40": 0.48989794855663565, "42": 0.4, "44": 0.4, "46": 0.4, "48": 0.4, "50": 0.48989794855663565, "52": 0.8, "54": 0.6324555320336759, "56": 0.48989794855663565, "58": 0.6324555320336759, "60": 0.4000000000000001, "62": 0.7483314773547883, "64": 0.48989794855663565, "66": 0.48989794855663565, "68": 0.4, "70": 0.8944271909999159, "72": 0.4000000000000001, "74": 0.8, "76": 0.7483314773547883, "78": 1.0198039027185568, "80": 0.4, "82": 0.48989794855663565, "84": 0.48989794855663565, "86": 1.1661903789690602, "88": 0.4000000000000001, "90": 0.8944271909999159, "92": 0.6324555320336759, "94": 0.8, "96": 0.48989794855663565, "98": 0.9797958971132713, "100": 0.8}