{"0": 8.089499366462674, "2": 7.694153624668538, "4": 8.845337754998392, "6": 10.225458424931373, "8": 10.287856919689348, "10": 11.822013364905319, "12": 12.15894732285653, "14": 15.393505123915086, "16": 3.0983866769659336, "18": 3.3823069050575527, "20": 2.870540018881465, "22": 2.870540018881465, "24": 0.6324555320336759, "26": 0.48989794855663565, "28": 0.6324555320336759, "30": 0.48989794855663565, "32": 0.7483314773547882, "34": 0.8, "36": 0.48989794855663565, "38": 0.6324555320336759, "40": 0.48989794855663565, "42": 0.7483314773547883, "44": 0.7483314773547882, "46": 0.48989794855663565, "48": 0.48989794855663565, "50": 0.48989794855663565, "52": 0.4, "54": 0.48989794855663565, "56": 0.4, "58": 0.7483314773547883, "60": 0.4, "62": 0.6324555320336759, "64": 0.48989794855663565, "66": 0.4, "68": 0.48989794855663565, "70": 0.48989794855663565, "72": 0.48989794855663565, "74": 0.48989794855663565, "76": 0.4, "78": 0.48989794855663565, "80": 0.48989794855663565, "82": 0.48989794855663565, "84": 0.7483314773547882, "86": 0.48989794855663565, "88": 0.48989794855663565, "90": 0.48989794855663565, "92": 0.48989794855663565, "94": 0.4, "96": 0.0, "98": 0.48989794855663565, "100": 0.4}