{"0": 0.48989794855663565, "2": 0.4, "4": 0.48989794855663565, "6": 0.7483314773547883, "8": 4.715930449020639, "10": 2.6381811916545836, "12": 0.48989794855663565, "14": 0.48989794855663565, "16": 5.3516352641038605, "18": 2.244994432064365, "20": 1.9595917942265424, "22": 1.2649110640673518, "24": 2.4166091947189146, "26": 2.2271057451320084, "28": 1.9390719429665317, "30": 1.2, "32": 1.9595917942265424, "34": 15.200000000000001, "36": 0.4000000000000001, "38": 0.4, "40": 0.0, "42": 0.6324555320336759, "44": 0.6324555320336759, "46": 0.8, "48": 0.6324555320336759, "50": 0.4, "52": 0.4, "54": 0.8, "56": 0.48989794855663565, "58": 0.8, "60": 0.8944271909999159, "62": 0.48989794855663565, "64": 0.6324555320336759, "66": 0.48989794855663565, "68": 0.7483314773547883, "70": 0.4, "72": 0.7483314773547883, "74": 0.6324555320336759, "76": 0.48989794855663565, "78": 0.6324555320336759, "80": 0.8, "82": 0.48989794855663565, "84": 0.7483314773547883, "86": 0.48989794855663565, "88": 0.7483314773547883, "90": 0.7483314773547883, "92": 0.48989794855663565, "94": 0.48989794855663565, "96": 0.4, "98": 0.4, "100": 0.8}