{"0": 0.9797958971132713, "2": 0.48989794855663565, "4": 0.4, "6": 0.48989794855663565, "8": 0.4, "10": 0.4, "12": 0.48989794855663565, "14": 0.4, "16": 0.8, "18": 0.7483314773547883, "20": 0.7483314773547883, "22": 0.48989794855663565, "24": 0.6324555320336759, "26": 0.6324555320336759, "28": 0.4, "30": 0.7483314773547883, "32": 0.8, "34": 0.7483314773547883, "36": 0.48989794855663565, "38": 0.8, "40": 0.6324555320336759, "42": 0.0, "44": 0.9797958971132713, "46": 0.48989794855663565, "48": 0.4000000000000001, "50": 0.48989794855663565, "52": 0.6324555320336759, "54": 0.48989794855663565, "56": 0.4, "58": 0.7483314773547883, "60": 0.6324555320336759, "62": 0.4000000000000001, "64": 0.4, "66": 0.4, "68": 0.48989794855663565, "70": 0.7483314773547883, "72": 0.4000000000000001, "74": 0.4, "76": 0.4000000000000001, "78": 0.48989794855663565, "80": 0.48989794855663565, "82": 0.6324555320336759, "84": 0.9797958971132713, "86": 0.6324555320336759, "88": 0.4, "90": 0.48989794855663565, "92": 1.019803902718557, "94": 0.7483314773547883, "96": 1.0954451150103321, "98": 0.9797958971132713, "100": 0.4}