{"0": 0.4, "2": 0.7483314773547883, "4": 0.8944271909999159, "6": 0.48989794855663565, "8": 0.4, "10": 0.7483314773547883, "12": 0.48989794855663565, "14": 0.4, "16": 0.48989794855663565, "18": 0.9797958971132713, "20": 0.6324555320336759, "22": 1.2649110640673518, "24": 0.4, "26": 1.16619037896906, "28": 1.3564659966250536, "30": 0.6324555320336759, "32": 0.48989794855663565, "34": 0.48989794855663565, "36": 0.7483314773547883, "38": 0.8, "40": 0.7483314773547883, "42": 0.9797958971132713, "44": 0.6324555320336759, "46": 0.9797958971132712, "48": 0.8, "50": 1.16619037896906, "52": 0.48989794855663565, "54": 0.48989794855663565, "56": 0.48989794855663565, "58": 0.4, "60": 0.6324555320336759, "62": 0.7483314773547883, "64": 0.48989794855663565, "66": 1.1661903789690602, "68": 0.7483314773547883, "70": 1.4142135623730951, "72": 1.0954451150103321, "74": 1.1661903789690602, "76": 0.9797958971132713, "78": 1.469693845669907, "80": 1.0198039027185568, "82": 1.3564659966250536, "84": 0.8, "86": 1.2649110640673518, "88": 1.4966629547095767, "90": 0.6324555320336759, "92": 1.1661903789690602, "94": 1.3564659966250538, "96": 1.0954451150103321, "98": 0.7483314773547883, "100": 0.48989794855663565}