{"0": 0.4, "2": 0.4, "4": 0.6324555320336759, "6": 0.48989794855663565, "8": 0.4, "10": 0.4, "12": 0.4, "14": 0.4, "16": 1.0954451150103321, "18": 0.7483314773547883, "20": 0.48989794855663565, "22": 1.32664991614216, "24": 0.48989794855663565, "26": 0.48989794855663565, "28": 0.9797958971132711, "30": 0.48989794855663565, "32": 0.8, "34": 0.48989794855663565, "36": 1.019803902718557, "38": 0.0, "40": 0.4, "42": 0.48989794855663565, "44": 0.6324555320336759, "46": 0.7483314773547883, "48": 0.7483314773547883, "50": 0.7483314773547883, "52": 0.4000000000000001, "54": 0.48989794855663565, "56": 0.6324555320336759, "58": 0.8, "60": 0.48989794855663565, "62": 0.6324555320336759, "64": 0.7483314773547883, "66": 0.7483314773547883, "68": 0.48989794855663565, "70": 0.8, "72": 0.48989794855663565, "74": 0.7483314773547883, "76": 0.8944271909999159, "78": 0.48989794855663565, "80": 0.4, "82": 1.019803902718557, "84": 0.48989794855663565, "86": 0.6324555320336759, "88": 0.48989794855663565, "90": 0.4000000000000001, "92": 0.48989794855663565, "94": 0.48989794855663565, "96": 0.48989794855663565, "98": 0.4000000000000001, "100": 0.48989794855663565}