{"0": 0.4, "2": 0.4, "4": 0.0, "6": 0.48989794855663565, "8": 0.48989794855663565, "10": 0.6324555320336759, "12": 0.48989794855663565, "14": 0.48989794855663565, "16": 0.4, "18": 0.4, "20": 0.4, "22": 0.6324555320336759, "24": 0.8944271909999159, "26": 0.48989794855663565, "28": 0.7483314773547883, "30": 0.48989794855663565, "32": 0.48989794855663565, "34": 0.9797958971132712, "36": 0.48989794855663565, "38": 0.6324555320336759, "40": 0.8, "42": 0.9797958971132713, "44": 0.8, "46": 0.48989794855663565, "48": 0.7483314773547883, "50": 0.8944271909999159, "52": 0.48989794855663565, "54": 0.7483314773547883, "56": 0.7483314773547883, "58": 0.48989794855663565, "60": 0.7483314773547883, "62": 0.7483314773547883, "64": 0.4, "66": 0.7483314773547883, "68": 0.7483314773547883, "70": 0.48989794855663565, "72": 0.4, "74": 0.48989794855663565, "76": 0.48989794855663565, "78": 1.019803902718557, "80": 0.9797958971132713, "82": 0.9797958971132713, "84": 1.0954451150103321, "86": 1.0954451150103321, "88": 0.7483314773547883, "90": 0.8, "92": 0.9797958971132712, "94": 0.7483314773547883, "96": 0.7483314773547883, "98": 0.48989794855663565, "100": 0.7483314773547883}