{"0": 0.8, "2": 0.6324555320336759, "4": 0.8, "6": 0.7483314773547883, "8": 1.019803902718557, "10": 0.8, "12": 1.019803902718557, "14": 0.9797958971132713, "16": 0.8944271909999159, "18": 0.4, "20": 0.7483314773547883, "22": 0.8, "24": 0.48989794855663565, "26": 0.48989794855663565, "28": 0.48989794855663565, "30": 0.8, "32": 0.48989794855663565, "34": 0.4, "36": 0.6324555320336759, "38": 0.48989794855663565, "40": 0.4, "42": 0.48989794855663565, "44": 0.7483314773547883, "46": 0.6324555320336759, "48": 0.7483314773547882, "50": 0.48989794855663565, "52": 0.48989794855663565, "54": 0.48989794855663565, "56": 0.48989794855663565, "58": 0.0, "60": 0.6324555320336759, "62": 0.7483314773547882, "64": 0.48989794855663565, "66": 0.6324555320336759, "68": 0.4, "70": 0.4, "72": 0.4, "74": 0.8, "76": 1.019803902718557, "78": 0.4, "80": 0.6324555320336759, "82": 0.4, "84": 0.6324555320336759, "86": 0.4, "88": 0.7483314773547882, "90": 0.8, "92": 0.4, "94": 0.4, "96": 0.6324555320336759, "98": 0.48989794855663565, "100": 0.6324555320336759}