{"0": 2.6381811916545836, "2": 2.135415650406262, "4": 1.6, "6": 2.0976176963403033, "8": 2.0976176963403033, "10": 2.039607805437114, "12": 2.3323807579381204, "14": 2.135415650406262, "16": 2.481934729198171, "18": 2.135415650406262, "20": 2.135415650406262, "22": 2.039607805437114, "24": 2.6832815729997477, "26": 2.4166091947189146, "28": 2.135415650406262, "30": 1.5491933384829668, "32": 2.135415650406262, "34": 2.1908902300206643, "36": 1.854723699099141, "38": 2.0976176963403033, "40": 1.2, "42": 2.0976176963403033, "44": 1.469693845669907, "46": 1.7435595774162695, "48": 1.469693845669907, "50": 2.0396078054371136, "52": 1.7435595774162695, "54": 1.5491933384829668, "56": 1.5491933384829668, "58": 1.6, "60": 2.4, "62": 2.0, "64": 1.469693845669907, "66": 1.854723699099141, "68": 2.0976176963403033, "70": 1.7435595774162695, "72": 1.854723699099141, "74": 2.0, "76": 1.7204650534085255, "78": 1.7204650534085255, "80": 1.7435595774162695, "82": 1.9595917942265426, "84": 1.7435595774162695, "86": 2.0976176963403033, "88": 1.7204650534085255, "90": 1.7204650534085255, "92": 2.039607805437114, "94": 1.5491933384829668, "96": 1.7435595774162695, "98": 1.7435595774162695, "100": 1.469693845669907}