{"0": 3.762977544445356, "2": 3.5440090293338704, "4": 3.5440090293338704, "6": 3.5440090293338704, "8": 3.1622776601683795, "10": 3.4409301068170506, "12": 2.6076809620810595, "14": 3.63318042491699, "16": 3.3823069050575527, "18": 3.8781438859330635, "20": 3.687817782917155, "22": 3.4292856398964497, "24": 3.187475490101846, "26": 3.6551333764994136, "28": 3.5440090293338704, "30": 3.1622776601683795, "32": 3.3823069050575527, "34": 2.870540018881465, "36": 4.079215610874228, "38": 3.31058907144937, "40": 3.124099870362662, "42": 3.4985711369071804, "44": 3.3466401061363023, "46": 2.6381811916545836, "48": 3.006659275674582, "50": 2.4979991993593593, "52": 3.5440090293338704, "54": 2.5768197453450252, "56": 3.1622776601683795, "58": 2.5768197453450252, "60": 2.449489742783178, "62": 2.9933259094191533, "64": 2.4, "66": 2.6076809620810595, "68": 2.9257477676655586, "70": 2.6076809620810595, "72": 2.5298221281347035, "74": 2.4166091947189146, "76": 2.6076809620810595, "78": 2.6381811916545836, "80": 2.7129319932501073, "82": 2.9257477676655586, "84": 2.280350850198276, "86": 2.5768197453450252, "88": 3.0724582991474434, "90": 2.3151673805580453, "92": 2.8284271247461903, "94": 2.65329983228432, "96": 2.2271057451320084, "98": 2.280350850198276, "100": 2.280350850198276}