{"0": 2.6381811916545836, "2": 2.727636339397171, "4": 2.3323807579381204, "6": 2.0976176963403033, "8": 2.4166091947189146, "10": 1.6, "12": 1.469693845669907, "14": 1.6733200530681511, "16": 1.32664991614216, "18": 1.469693845669907, "20": 1.1661903789690602, "22": 1.0954451150103321, "24": 1.0954451150103321, "26": 1.5491933384829668, "28": 1.16619037896906, "30": 1.9390719429665315, "32": 2.6381811916545836, "34": 2.870540018881465, "36": 3.4292856398964497, "38": 3.7202150475476548, "40": 4.0, "42": 4.664761515876241, "44": 4.2708313008125245, "46": 4.445222154178574, "48": 4.0, "50": 4.223742416388575, "52": 3.32264954516723, "54": 3.521363372331802, "56": 3.4292856398964497, "58": 2.481934729198171, "60": 2.5298221281347035, "62": 2.481934729198171, "64": 2.135415650406262, "66": 2.0976176963403033, "68": 2.3323807579381204, "70": 1.469693845669907, "72": 1.469693845669907, "74": 1.854723699099141, "76": 1.1661903789690602, "78": 1.1661903789690602, "80": 1.2, "82": 1.3564659966250536, "84": 1.0954451150103321, "86": 0.9797958971132712, "88": 0.6324555320336759, "90": 0.6324555320336759, "92": 0.48989794855663565, "94": 0.4, "96": 0.7483314773547883, "98": 0.48989794855663565, "100": 0.8944271909999159}