{"0": 0.8, "2": 0.6324555320336759, "4": 0.48989794855663565, "6": 0.48989794855663565, "8": 0.48989794855663565, "10": 0.48989794855663565, "12": 0.7483314773547883, "14": 0.48989794855663565, "16": 0.48989794855663565, "18": 0.4, "20": 0.48989794855663565, "22": 0.48989794855663565, "24": 0.4000000000000001, "26": 0.8, "28": 0.7483314773547883, "30": 0.4, "32": 0.48989794855663565, "34": 0.4, "36": 0.48989794855663565, "38": 0.7483314773547883, "40": 0.7483314773547883, "42": 0.4, "44": 0.8944271909999159, "46": 0.8, "48": 0.7483314773547883, "50": 1.019803902718557, "52": 0.4000000000000001, "54": 0.4, "56": 0.4000000000000001, "58": 0.7483314773547883, "60": 0.9797958971132711, "62": 0.48989794855663565, "64": 0.4, "66": 0.7483314773547883, "68": 0.7483314773547883, "70": 0.4, "72": 0.48989794855663565, "74": 0.48989794855663565, "76": 0.6324555320336759, "78": 0.6324555320336759, "80": 1.019803902718557, "82": 0.48989794855663565, "84": 0.6324555320336759, "86": 0.4000000000000001, "88": 0.6324555320336759, "90": 0.6324555320336759, "92": 0.48989794855663565, "94": 0.48989794855663565, "96": 0.4, "98": 0.48989794855663565, "100": 0.6324555320336759}