{"0": 0.7483314773547883, "2": 0.4, "4": 0.4, "6": 0.48989794855663565, "8": 0.8, "10": 0.48989794855663565, "12": 0.48989794855663565, "14": 0.0, "16": 0.48989794855663565, "18": 0.7483314773547883, "20": 0.8, "22": 0.48989794855663565, "24": 0.4, "26": 0.4000000000000001, "28": 0.0, "30": 0.4, "32": 0.4000000000000001, "34": 0.4000000000000001, "36": 0.48989794855663565, "38": 0.48989794855663565, "40": 0.6324555320336759, "42": 0.7483314773547883, "44": 0.6324555320336759, "46": 0.9797958971132713, "48": 0.8, "50": 1.019803902718557, "52": 0.8, "54": 0.9797958971132711, "56": 0.48989794855663565, "58": 0.7483314773547883, "60": 0.7483314773547883, "62": 0.4000000000000001, "64": 1.2649110640673518, "66": 1.2649110640673518, "68": 0.4000000000000001, "70": 0.9797958971132712, "72": 1.3564659966250538, "74": 1.469693845669907, "76": 1.2, "78": 1.4966629547095767, "80": 0.8944271909999159, "82": 0.48989794855663565, "84": 1.0198039027185568, "86": 1.019803902718557, "88": 0.48989794855663565, "90": 0.7483314773547883, "92": 0.8, "94": 0.7483314773547883, "96": 1.3266499161421599, "98": 0.0, "100": 0.7483314773547883}