{"0": 0.6324555320336759, "2": 0.48989794855663565, "4": 0.7483314773547883, "6": 0.6324555320336759, "8": 0.48989794855663565, "10": 0.6324555320336759, "12": 0.7483314773547882, "14": 0.4, "16": 0.6324555320336759, "18": 0.4000000000000001, "20": 0.48989794855663565, "22": 0.4000000000000001, "24": 0.9797958971132713, "26": 0.8, "28": 0.9797958971132712, "30": 0.8, "32": 1.3564659966250538, "34": 1.0954451150103321, "36": 1.16619037896906, "38": 1.2, "40": 0.8, "42": 0.6324555320336759, "44": 0.4000000000000001, "46": 0.7483314773547883, "48": 0.8, "50": 0.8, "52": 1.7204650534085255, "54": 0.8, "56": 1.019803902718557, "58": 1.1661903789690602, "60": 1.3564659966250536, "62": 1.4696938456699067, "64": 1.1661903789690602, "66": 1.32664991614216, "68": 1.0954451150103321, "70": 0.9797958971132713, "72": 0.9797958971132713, "74": 1.1661903789690602, "76": 1.019803902718557, "78": 1.019803902718557, "80": 1.4142135623730951, "82": 0.9797958971132713, "84": 1.3564659966250536, "86": 1.019803902718557, "88": 1.1661903789690602, "90": 0.7483314773547883, "92": 1.2649110640673518, "94": 1.019803902718557, "96": 1.16619037896906, "98": 0.8, "100": 1.4696938456699067}