{"0": 0.7483314773547883, "2": 0.7483314773547883, "4": 0.8, "6": 0.9797958971132711, "8": 0.6324555320336759, "10": 0.48989794855663565, "12": 1.6, "14": 0.9797958971132713, "16": 1.2, "18": 0.6324555320336759, "20": 1.0954451150103321, "22": 0.7483314773547883, "24": 0.48989794855663565, "26": 0.48989794855663565, "28": 0.8, "30": 1.0954451150103321, "32": 0.8, "34": 0.4000000000000001, "36": 0.48989794855663565, "38": 0.7483314773547883, "40": 0.8, "42": 0.6324555320336759, "44": 0.8944271909999159, "46": 0.4000000000000001, "48": 0.48989794855663565, "50": 0.9797958971132712, "52": 0.7483314773547883, "54": 0.48989794855663565, "56": 0.4000000000000001, "58": 0.6324555320336759, "60": 0.0, "62": 0.9797958971132711, "64": 0.48989794855663565, "66": 1.0198039027185568, "68": 0.4000000000000001, "70": 0.48989794855663565, "72": 0.8, "74": 0.8, "76": 0.8, "78": 0.6324555320336759, "80": 0.7483314773547883, "82": 0.7483314773547883, "84": 0.6324555320336759, "86": 0.7483314773547883, "88": 0.6324555320336759, "90": 1.4142135623730951, "92": 0.48989794855663565, "94": 0.4000000000000001, "96": 0.8, "98": 1.0954451150103321, "100": 0.48989794855663565}