{"0": 1.32664991614216, "2": 1.624807680927192, "4": 1.3564659966250538, "6": 0.9797958971132711, "8": 1.16619037896906, "10": 1.3564659966250538, "12": 1.16619037896906, "14": 1.2649110640673518, "16": 1.3564659966250538, "18": 1.3564659966250536, "20": 1.5491933384829668, "22": 1.2, "24": 1.3564659966250538, "26": 1.6, "28": 1.3564659966250538, "30": 1.16619037896906, "32": 1.16619037896906, "34": 1.7435595774162695, "36": 1.854723699099141, "38": 1.16619037896906, "40": 1.1661903789690602, "42": 1.2, "44": 1.1661903789690602, "46": 1.1661903789690602, "48": 1.0954451150103321, "50": 1.5999999999999999, "52": 1.1661903789690602, "54": 1.0954451150103321, "56": 1.469693845669907, "58": 0.8, "60": 1.0954451150103321, "62": 0.8, "64": 0.7483314773547883, "66": 0.9797958971132713, "68": 1.4142135623730951, "70": 0.8, "72": 0.9797958971132711, "74": 1.0198039027185568, "76": 0.9797958971132712, "78": 0.4000000000000001, "80": 0.8944271909999159, "82": 1.1661903789690602, "84": 1.16619037896906, "86": 0.7483314773547883, "88": 1.0954451150103321, "90": 1.16619037896906, "92": 0.8944271909999159, "94": 1.0954451150103321, "96": 1.0954451150103321, "98": 0.4, "100": 1.1661903789690602}