{"0": 2.3323807579381204, "2": 2.3323807579381204, "4": 1.5491933384829668, "6": 1.6733200530681511, "8": 1.6, "10": 1.854723699099141, "12": 1.6, "14": 1.6, "16": 1.1661903789690602, "18": 1.5491933384829668, "20": 1.3564659966250536, "22": 1.0954451150103321, "24": 1.2, "26": 1.0954451150103321, "28": 1.3564659966250536, "30": 1.019803902718557, "32": 1.2649110640673518, "34": 1.3564659966250536, "36": 1.1661903789690602, "38": 0.8, "40": 0.6324555320336759, "42": 1.1661903789690602, "44": 0.7483314773547882, "46": 0.6324555320336759, "48": 1.4142135623730951, "50": 0.7483314773547882, "52": 0.7483314773547883, "54": 1.019803902718557, "56": 0.8, "58": 0.8, "60": 0.7483314773547882, "62": 0.48989794855663565, "64": 0.7483314773547882, "66": 0.8, "68": 1.32664991614216, "70": 0.48989794855663565, "72": 1.2649110640673518, "74": 0.8, "76": 0.8, "78": 0.6324555320336759, "80": 1.0954451150103321, "82": 0.7483314773547882, "84": 0.48989794855663565, "86": 0.9797958971132713, "88": 0.48989794855663565, "90": 0.4, "92": 0.8, "94": 0.8, "96": 1.3564659966250538, "98": 0.8, "100": 0.8}